"STATE","DISTRICT","OPEN WATER CHANNEL (LINED/PUCCA) - NUMBER","OPEN WATER CHANNEL (UNLINED/KUTCHA) - POTENTIAL UTILISED","OPEN WATER CHANNEL (UNLINED/KUTCHA) - NUMBER","OPEN WATER CHANNEL (UNLINED/KUTCHA) - POTENTIAL UTILISED","UNDERGROUND PIPE - NUMBER","UNDERGROUND PIPE - POTENTIAL UTILISED","SURFACE PIPE - NUMBER","SURFACE PIPE - POTENTIAL UTILISED","DRIP - NUMBER","DRIP - POTENTIAL UTILISED","SPRINKLE - NUMBER","SPRINKLE - POTENTIAL UTILISED","OTHER - NUMBER","OTHER - POTENTIAL UTILISED","TOTAL - NUMBER","TOTAL - POTENTIAL UTILISED"
"ANDAMAN & NICOBARS","ANDAMAN",0,0,0,0,0,0,1,0,0,0,0,0,5,2,6,2
"ANDAMAN & NICOBARS","N & M ANDA",0,0,1,0,0,0,3,2.05,0,0,0,0,3,0.77,7,2.82
"ANDAMAN & NICOBARS","NICOBAR",1,0.5,0,0,0,0,0,0,0,0,0,0,72,18.4,73,18.9
"ANDHRA PRADESH","ADILABAD",718,979.31,2472,2770.44,12841,25555.23,66,84.02,70,81.23,0,0,5,8.08,16172,29478.31
"ANDHRA PRADESH","ANANTHAPUR",10292,13489.37,13713,16755.99,22310,22839.31,962,1121.57,4248,5303.15,1026,1202.81,628,920.48,53179,61632.68
"ANDHRA PRADESH","CHITTOOR",941,1073.01,14541,20661.58,3441,5629.49,66,199.79,3,4.19,0,0,3,2.34,18995,27570.4
"ANDHRA PRADESH","CUDDAPAH",1241,2362.31,7246,12749.07,7440,12705.19,638,1176.66,7,29.36,2,2.46,11,0,16585,29025.05
"ANDHRA PRADESH","EAST GODAVARI",637,1501.14,25053,62310.55,826,1437.58,1126,1590.45,24,115.64,0,0,106,320.94,27772,67276.3
"ANDHRA PRADESH","GUNTUR",1107,1726.28,20631,27922.65,1082,1627.86,7,3.48,0,0,0,0,290,833.35,23117,32113.62
"ANDHRA PRADESH","KARIMNAGAR",9620,11906.5,5463,7358.69,2217,2144.15,723,579.18,1,0.2,0,0,14,11.4,18038,22000.12
"ANDHRA PRADESH","KHAMMAM",963,3051.14,11989,20222.8,1493,2678.99,2034,4111.2,104,345.31,2,10.53,51,81.69,16636,30501.66
"ANDHRA PRADESH","KRISHNA",1650,2290.03,20677,29385.4,1193,1846.3,3969,5334.82,63,163.88,20,73.67,1218,556.6,28790,39650.7
"ANDHRA PRADESH","KURNOOL",2751,4842.8,9874,21040.2,12021,21872.21,2016,3550.91,379,377.3,13,39.77,87,141.42,27141,51864.61
"ANDHRA PRADESH","MAHABOOBNAGAR",11437,12837.65,51420,56908.32,22994,28736.12,6071,7706.2,1911,3366.75,1038,1142.94,2603,206.83,97474,110904.81
"ANDHRA PRADESH","MEDAK",6380,7163.74,42871,42829.48,44411,51532.65,3952,4316.34,133,317.29,70,112.04,2,0.72,97819,106272.26
"ANDHRA PRADESH","NALGONDA",16391,15773.23,41292,41393.36,57060,56614.13,6312,6286.79,1175,2007.41,13,4.21,134,100.04,122377,122179.17
"ANDHRA PRADESH","NELLORE",2373,3658.32,41118,58885.07,2770,5175.51,350,486.61,85,174.51,187,346.15,89,1.01,46972,68727.18
"ANDHRA PRADESH","NIZAMABAD",7718,12514.81,45958,70821.37,72063,122767.36,5383,4691.11,24,50.78,5,5.68,210,209.74,131361,211060.85
"ANDHRA PRADESH","PRAKASAM",1401,1488.87,17478,13005.22,2171,2759.16,2018,1576.86,81,123.11,2064,4783.79,3389,4297.98,28602,28034.99
"ANDHRA PRADESH","RANGAREDDY",2856,2627.44,36331,34142.56,7403,6166.01,2392,1676.26,99,83.31,96,57.31,268,272.26,49445,45025.15
"ANDHRA PRADESH","SRIKAKULAM",572,661.16,7636,6168.12,227,254.15,803,475.5,38,16.99,32,32.21,204,175.98,9512,7784.11
"ANDHRA PRADESH","VISAKHAPATNAM",529,488.9,8364,9648.93,788,722.6,1391,1914.99,184,468.59,1,0.4,70,64.5,11327,13308.91
"ANDHRA PRADESH","VIZIANAGARAM",118,157.89,6273,11734.65,503,1135.13,2446,3710.5,145,363.65,36,53.38,54,51.35,9575,17206.55
"ANDHRA PRADESH","WARANGAL",11855,12875.47,27722,24649.17,3160,3293.42,1506,1784.63,94,82.53,6,6.48,1830,530.18,46173,43221.88
"ANDHRA PRADESH","WEST GODAVARI",6283,20746.43,12585,34974.14,687,2482.98,12,23.24,15,95.68,1,0,53,46.34,19636,58368.81
"ARUNACHAL PRADESH","CHANGLANG",0,0,0,0,0,0,0,0,0,0,0,0,3,0,3,0
"ARUNACHAL PRADESH","DIBANG VALLEY",0,0,0,0,0,0,5,44,0,0,0,0,0,0,5,44
"ARUNACHAL PRADESH","LOHIT",1,32,1,0,0,0,0,0,0,0,0,0,0,0,2,32
"ARUNACHAL PRADESH","TIRAP",1,6,0,0,0,0,0,0,0,0,0,0,0,0,1,6
"ASSAM","BAKSA",3,6,170,399.2,2,5,1,3,0,0,0,0,439,483.9,615,897.1
"ASSAM","BARPETA",8,18.25,12531,23768.92,0,0,0,0,0,0,0,0,296,0,12835,23787.17
"ASSAM","BONGAIGAON",6,6.5,4609,6286.5,1,1.6,0,0,2,2,78,78,31,27.4,4727,6402
"ASSAM","CACHAR",0,0,0,0,0,0,0,0,0,0,0,0,4,5.56,4,5.56
"ASSAM","CHIRANG",1,0,664,924.6,1,2,0,0,0,0,0,0,351,29,1017,955.6
"ASSAM","DARRANG",5,8.14,6790,17410.63,0,0,1,14,0,0,0,0,227,0,7023,17432.77
"ASSAM","DHEMAJI",2,2.4,833,1039.3,0,0,0,0,0,0,0,0,640,0,1475,1041.7
"ASSAM","DHUBRI",50,70.15,16303,25752.72,3,25.66,0,0,1,5,0,0,714,0,17071,25853.53
"ASSAM","DIBRUGARH",3,4.19,1874,1721.15,2,2,2,2.6,0,0,0,0,3115,620.38,4996,2350.32
"ASSAM","GOALPARA",0,0,5084,13076.71,0,0,0,0,0,0,0,0,84,0,5168,13076.71
"ASSAM","GOLAGHAT",15,42,1257,2443.21,3,3.52,102,230.35,0,0,0,0,480,23,1857,2742.08
"ASSAM","JORHAT",17,17.7,726,1046.1,2,4,1,2,0,0,0,0,1540,731,2286,1800.8
"ASSAM","KAMRUP ( RURAL )",33,55,5723,9243,5,10.5,67,131.5,2,5,0,0,2967,3181.9,8797,12626.9
"ASSAM","KAMRUP METRO",0,0,422,766,0,0,0,0,1,3,0,0,239,673,662,1442
"ASSAM","KARBIANGLONG",0,0,20,65,0,0,0,0,0,0,0,0,17,55,37,120
"ASSAM","KARIMGANJ",0,0,46,154.5,0,0,0,0,0,0,0,0,3,0,49,154.5
"ASSAM","KOKRAJHAR",49,97.4,1479,2674.2,13,23,75,91,1,2,0,0,122,4,1739,2891.6
"ASSAM","LAKHIMPUR",3,9,1001,2919.72,0,0,0,0,0,0,0,0,624,0,1628,2928.72
"ASSAM","MORIGAON",0,0,5165,12069.69,0,0,2,4.73,6,15,0,0,24,0,5197,12089.42
"ASSAM","NAGOAN",11,29.8,11771,24218.36,3,4.3,10,27.6,0,0,1,9,225,0,12021,24289.06
"ASSAM","NALBARI",0,0,3517,2862.95,2,2.7,1,1,0,0,0,0,870,191.7,4390,3058.35
"ASSAM","SIBSAGAR",0,0,651,996.15,0,0,0,0,0,0,0,0,1900,3.55,2551,999.7
"ASSAM","SONITPUR",7,55.9,1750,4918.22,0,0,1,45,0,0,0,0,587,0,2345,5019.12
"ASSAM","TINSUKIA",8,9.7,2095,4662.27,1,35,87,174.5,0,0,0,0,551,476.18,2742,5357.65
"ASSAM","UDALGURI",0,0,1496,4366.36,0,0,0,0,0,0,0,0,319,0,1815,4366.36
"BIHAR","ARARIA",18,59.2,2117,7311.2,22,81.4,3485,12654,7,18.5,31,107.3,961,3496.5,6641,23728.1
"BIHAR","AURANGABAD",59,199.8,3456,12409.8,33,118.4,3616,13153.5,13,22.2,6,7.4,379,1143.3,7562,27054.4
"BIHAR","BANKA",55,166.5,1664,5779.4,13,37,3336,12313.6,26,92.5,0,0,3,11.1,5097,18400.1
"BIHAR","BEGUSARAI",203,662.3,4541,15314.3,65,177.6,6500,22721.7,4,14.8,83,296,844,2878.6,12240,42065.3
"BIHAR","BHAGALPUR",23,81.4,3247,11980.6,11,40.7,8407,31083.7,0,0,0,0,0,0,11688,43186.4
"BIHAR","BHOJPUR",473,1631.7,9397,33078,369,1346.8,11353,41243.9,52,166.5,0,0,8,11.1,21652,77478
"BIHAR","BUXAR",120,284.9,3566,12050.9,62,207.2,12953,47807.7,38,92.5,0,0,6,22.2,16745,60465.4
"BIHAR","DARBHANGA",112,277.5,1031,3089.5,25,85.1,9333,34114,61,133.2,1,0,6,14.8,10569,37714.1
"BIHAR","EAST CHAMPARAN",279,843.6,3698,12402.4,57,159.1,21969,80597.1,77,229.4,0,0,112,410.7,26192,94642.3
"BIHAR","GAYA",2348,7858.8,14164,45946.6,825,592,14727,46879,428,1087.8,11,7.4,64,210.9,32567,102582.5
"BIHAR","GOPAALGANJ",359,1265.4,2815,9686.6,323,1132.2,17470,63188.6,103,347.8,24,40.7,856,1994.3,21950,77655.6
"BIHAR","JAMUI",63,218.3,1079,3655.6,168,617.9,221,462.5,25,81.4,1,3.7,74,118.4,1631,5157.8
"BIHAR","JEHANABAD",51,162.8,2879,10267.5,82,129.5,16967,62038.9,41,85.1,0,0,178,647.5,20198,73331.3
"BIHAR","KAIMUR (BHABUA)",760,355.2,2767,8624.7,274,595.7,8388,29126.4,213,584.6,9,0,793,1369,13204,40655.6
"BIHAR","KATIHAR",55,185,21966,80371.4,217,780.7,1889,6970.8,5,14.8,1,3.7,226,814,24359,89140.4
"BIHAR","KHAGARIA",17,55.5,1383,4887.7,28,85.1,4648,16609.3,3,7.4,22,81.4,213,740,6314,22466.4
"BIHAR","KISHANGANJ",21,51.8,6164,21674.6,12,40.7,184,547.6,1,0,16,59.2,421,1539.2,6819,23913.1
"BIHAR","LAKHISARAI",43,66.6,1012,3426.2,22,51.8,4959,15558.5,22,25.9,1,3.7,69,210.9,6128,19343.6
"BIHAR","MADHEPURA",47,162.8,6292,19621.1,219,654.9,5399,18710.9,113,381.1,25,3.7,582,1169.2,12677,40703.7
"BIHAR","MADHUBANI",620,2138.6,2714,7041.1,260,214.6,13552,49561.5,57,144.3,2,0,21,44.4,17226,59144.5
"BIHAR","MUNGER",181,606.8,2284,7884.7,42,148,2554,9327.7,8,18.5,2,3.7,109,236.8,5180,18226.2
"BIHAR","MUZAFFARPUR",146,447.7,729,1924,24,51.8,33901,124445.8,51,118.4,2,0,132,355.2,34985,127342.9
"BIHAR","NALANDA",397,1309.8,8879,30676.7,156,458.8,14145,51407.8,107,122.1,32,37,991,2630.7,24707,86642.9
"BIHAR","NAWADA",185,536.5,9507,33699.6,152,455.1,2575,9383.2,36,48.1,5,7.4,286,921.3,12746,45051.2
"BIHAR","PATNA",235,640.1,8500,28508.5,648,1620.6,12654,42316.9,51,111,108,377.4,1321,3585.3,23517,77159.8
"BIHAR","PURNIA",22,77.7,10751,38894.4,132,425.5,12075,44207.6,30,111,0,0,200,521.7,23210,84237.9
"BIHAR","ROHTAS(SASARAM)",129,447.7,3805,13334.8,119,395.9,4347,15614,18,62.9,24,81.4,492,1646.5,8934,31583.2
"BIHAR","SAHARSA",27,85.1,380,1332,35,59.2,4762,16860.9,10,29.6,1,3.7,101,307.1,5316,18677.6
"BIHAR","SAMASTIPUR",374,1276.5,3554,11529.2,103,318.2,26414,94549.8,105,284.9,5,3.7,495,1620.6,31050,109582.9
"BIHAR","SARAN",179,543.9,1810,5427.9,1064,3870.2,23618,85777.1,38,51.8,11,18.5,983,2301.4,27703,97990.8
"BIHAR","SHEKHPURA",23,74,650,2342.1,19,59.2,2974,10926.1,7,7.4,0,0,9,7.4,3682,13416.2
"BIHAR","SHEOHAR",7,22.2,820,2934.1,5,18.5,2598,9401.7,55,192.4,1,3.7,135,144.3,3621,12716.9
"BIHAR","SITAMARHI",39,118.4,537,1831.5,3,3.7,9214,33725.5,12,37,1,3.7,216,540.2,10022,36260
"BIHAR","SIWAN",208,588.3,5337,15961.8,220,558.7,16929,61453.3,51,136.9,15,25.9,1345,3178.3,24105,81903.2
"BIHAR","SUPAUL",68,240.5,2706,9775.4,9,33.3,6303,23014,5,11.1,3,3.7,209,677.1,9303,33755.1
"BIHAR","VAISHALI",38,122.1,1393,4972.8,265,913.9,24034,88581.7,5,0,3,3.7,89,218.3,25827,94812.5
"BIHAR","WEST CHAMPARAN",292,895.4,5545,17767.4,64,122.1,10338,36063.9,13,29.6,26,55.5,226,240.5,16504,55174.4
"CHANDIGARH","UT CHANDIGARH",1,3.24,64,261.46,7,350,0,0,0,0,0,0,0,0,72,614.7
"CHHATISGARH","BASTER",254,67.5,1384,1723.21,24,48.32,118,228.08,6,31.36,1,5.46,20,16.39,1807,2120.32
"CHHATISGARH","BIJAPUR",3,59,13,117.29,0,0,0,0,0,0,0,0,0,0,16,176.29
"CHHATISGARH","BILASPUR",5636,2767.03,7398,14837.31,323,1183.65,1082,3593.05,16,27.94,25,111.74,258,755.71,14738,23276.43
"CHHATISGARH","DANTEWADA",131,0,19,30.18,25,69.57,22,51.68,0,0,0,0,4,0.49,201,151.92
"CHHATISGARH","DHAMTARI",1238,2148.2,6267,11064.89,15,40.96,687,1556.39,4,21.04,16,17.54,2308,5442.65,10535,20291.67
"CHHATISGARH","DURG",1659,2762.87,10030,21317.33,413,1407.45,2693,10470.34,53,347.35,1726,6849.05,526,934.01,17100,44088.4
"CHHATISGARH","JANJGIR-CHAMPA",989,374.56,8250,16967.02,86,260.19,198,580.28,0,0,6,1.19,72,140.66,9601,18323.9
"CHHATISGARH","JASHPUR",84,1580.42,10,103.65,0,0,0,0,0,0,0,0,0,0,94,1684.07
"CHHATISGARH","KANKER",51,101.53,890,1663.65,35,191.25,195,441.06,0,0,2,2.44,24,59.72,1197,2459.65
"CHHATISGARH","KAWARDHA",420,1012.47,516,1852.71,162,690.09,671,2311.64,6,0.4,1777,7316.93,108,714.13,3660,13898.37
"CHHATISGARH","KORBA",8,51.75,151,477.12,3,6.05,45,69.48,0,0,0,0,3,3.43,210,607.83
"CHHATISGARH","KORIA",0,0,75,365.58,0,0,8,22.98,0,0,0,0,2,3.55,85,392.11
"CHHATISGARH","MAHASAMUND",807,2347.48,3078,7101.67,116,290.5,189,506.93,10,26.53,31,88.86,107,263.27,4338,10625.24
"CHHATISGARH","NARAYANPUR",26,151.88,388,1138.59,0,0,3,6.41,0,0,0,0,0,0,417,1296.88
"CHHATISGARH","RAIGARH",9582,1388.85,8652,9912.42,246,644.77,399,1156.08,5,0.8,1,3.04,14,13.36,18899,13119.32
"CHHATISGARH","RAIPUR",2413,2627.89,4580,11564.42,278,752.5,1563,4294.38,57,412.74,110,372.15,342,827.17,9343,20851.25
"CHHATISGARH","RAJNANDGAON",216,725.73,848,2542.11,117,257.83,883,3012.84,16,94.91,115,345.68,43,132.89,2238,7111.99
"CHHATISGARH","SURGUJA",36,7.2,892,364.78,1,0.4,10,12.91,3,1,0,0,1,8.1,943,394.39
"DADRA & NAGAR HAVELI","DADRA & NAGAR HAVELI",21,85.32,18,14.86,3,41.46,41,192.69,0,0,0,0,0,0,83,334.33
"DELHI","ALIPUR",152,528.55,4147,21253.11,113,400.4,0,0,1,3,0,0,4,0,4417,22185.06
"DELHI","MAHRAULI",39,100.95,0,0,7,19.47,0,0,0,0,0,0,0,0,46,120.42
"DELHI","NAJAFGARH",34,89.9,2580,8562.91,250,477.47,512,1622.72,0,0,4,2.18,39,0.6,3419,10755.78
"DELHI","NANGLOI",99,306.86,208,1176.04,0,0,73,177.04,0,0,0,0,1,0,381,1659.94
"DELHI","SHADARA-NORTHEAST",6,79,38,631,1,16,9,156,0,0,0,0,0,0,54,882
"DELHI","SHAHDARA-EAST",76,3540,176,9642,0,0,24,1266,0,0,0,0,1,0,277,14448
"GOA","NORTH GOA",4,8.56,8,7.55,0,0,6,6.14,0,0,11,20.18,6,0.2,35,42.63
"GOA","SOUTH GOA",3,2.78,5,3.6,1,1,37,46.72,0,0,2,10,22,2.3,70,66.4
"GUJARAT","AHMEDABAD",1,0,393,1542.11,75,120.8,124,219.5,1,0,0,0,2,0,596,1882.41
"GUJARAT","AMRELI",27,78.68,3872,15595.69,59,223,9,29.48,2,15.35,0,0,1,0,3970,15942.2
"GUJARAT","ANAND",136,1230,12,98,4087,38892,49,452,11,98,11,99,50,10,4356,40879
"GUJARAT","BANASKANTHA",112,370.06,2171,10186.49,2286,6635.29,120,523.82,0,0,3,0,13,0,4705,17715.66
"GUJARAT","BHARUCH",90,376.4,919,2827.33,727,2415.1,2207,6801.39,76,345.16,0,0,0,0,4019,12765.38
"GUJARAT","BHAVNAGAR",6,11.13,795,1775.24,0,0,3,4.64,0,0,0,0,0,0,804,1791.01
"GUJARAT","DAHOD",0,0,93,242.57,0,0,35,85.3,1,0,0,0,0,0,129,327.87
"GUJARAT","DANG",0,0,0,0,0,0,1,7,0,0,0,0,0,0,1,7
"GUJARAT","GANDHINAGAR",0,0,0,0,1,13,662,6481.17,0,0,0,0,0,0,663,6494.17
"GUJARAT","JAMNAGAR",8,12.64,38,143.23,6,28.14,0,0,0,0,0,0,0,0,52,184.01
"GUJARAT","JUNAGADH",43,5.06,4022,2246.77,8,2,0,0,0,0,2,0,3,0,4078,2253.83
"GUJARAT","KACHCHH",2018,8182.21,3738,14586.29,399,1129.46,29,63.67,35,37.13,3,0,200,0,6422,23998.76
"GUJARAT","KHEDA",23,62.39,3993,17055.83,1514,14009.78,655,2094.38,2,18.33,17,0,6,18.34,6210,33259.05
"GUJARAT","MEHSANA",0,0,1,0,216,1596.82,0,0,0,0,0,0,0,0,217,1596.82
"GUJARAT","NARMADA",0,0,101,524.92,67,355.22,32,152.77,0,0,0,0,0,0,200,1032.91
"GUJARAT","NAVSARI",13,18.09,4790,22554.75,767,1548.04,1215,1256.62,4,19.77,0,0,34,13.01,6823,25410.28
"GUJARAT","PANCHMAHAL",9,26.64,1266,2654.81,127,331.1,55,135.1,0,0,0,0,0,0,1457,3147.65
"GUJARAT","PATAN",0,0,0,0,29,383.93,208,1129.81,0,0,0,0,0,0,237,1513.74
"GUJARAT","PORBANDAR",3,5.17,1187,3762.49,0,0,9,20.75,0,0,0,0,0,0,1199,3788.41
"GUJARAT","RAJKOT",125,177.63,6013,20857.93,362,1469.61,30,135.22,17,39.57,1,0,12,38.22,6560,22718.18
"GUJARAT","SABARKANTHA",1945,4466.61,8685,23024.14,2755,8771.8,824,2406,2,7.81,94,234.23,378,805.76,14683,39716.35
"GUJARAT","SURAT",4600,7864.99,246,564,0,0,3,4.09,0,0,2,0,130,9.23,4981,8442.31
"GUJARAT","SURENDRANAGAR",4,32.61,3318,16658.86,797,2207.35,93,610.32,1,10,0,0,24,230,4237,19749.14
"GUJARAT","VADODARA",18,90,452,1293.8,2249,17591.63,156,1037.37,2,10,0,0,247,33,3124,20055.8
"GUJARAT","VALSAD",151,274.27,438,518.12,311,252.35,778,1353.65,5,1.52,0,0,0,0,1683,2399.91
"HARYANA","AMBALA",13698,57450.66,776,3766.5,0,0,0,0,0,0,0,0,0,0,14474,61217.16
"HARYANA","BHIWANI",16714,62956.4,6513,17190.92,0,0,0,0,0,0,0,0,0,0,23227,80147.32
"HARYANA","FARIDABAD",16381,76100.96,2007,10217.06,0,0,0,0,0,0,0,0,0,0,18388,86318.02
"HARYANA","FATEHABAD",17330,109377.88,1789,10688.6,0,0,0,0,0,0,0,0,0,0,19119,120066.48
"HARYANA","GURGAON",8543,27792.24,794,2571.92,0,0,0,0,0,0,0,0,0,0,9337,30364.16
"HARYANA","HISSAR",15688,72488.02,7079,25716.96,0,0,0,0,0,0,0,0,0,0,22767,98204.98
"HARYANA","JHAJJAR",15637,37960.7,2643,6199.34,0,0,0,0,0,0,0,0,0,0,18280,44160.04
"HARYANA","JIND",23833,99278.48,8882,32974.44,0,0,0,0,0,0,0,0,0,0,32715,132252.92
"HARYANA","KAITHAL",27259,151712.8,4984,22628.86,0,0,0,0,0,0,0,0,0,0,32243,174341.66
"HARYANA","KARNAL",39404,218738.64,1751,10850.98,0,0,0,0,0,0,0,0,0,0,41155,229589.62
"HARYANA","KURUKSHETRA",27357,191239.34,1587,12428.82,0,0,0,0,0,0,0,0,0,0,28944,203668.16
"HARYANA","MAHENDRAGARH",7707,33981.98,11176,55810,0,0,0,0,0,0,0,0,0,0,18883,89791.98
"HARYANA","MEWAT",7729,47532.28,2423,10785.58,0,0,0,0,0,0,0,0,0,0,10152,58317.86
"HARYANA","PANCHKULA",1109,4428.56,477,2736.82,0,0,0,0,0,0,0,0,0,0,1586,7165.38
"HARYANA","PANIPAT",14337,73444.06,2339,11688.98,0,0,0,0,0,0,0,0,0,0,16676,85133.04
"HARYANA","REWARI",15941,79715.14,2014,11037.62,0,0,0,0,0,0,0,0,0,0,17955,90752.76
"HARYANA","ROHTAK",12619,40596.22,790,2893.88,0,0,0,0,0,0,0,0,0,0,13409,43490.1
"HARYANA","SIRSA",19882,112357.62,4717,30619.96,0,0,0,0,0,0,0,0,0,0,24599,142977.58
"HARYANA","SONEPAT",26441,90612.96,8511,28679.18,0,0,0,0,0,0,0,0,0,0,34952,119292.14
"HARYANA","YAMUNANAGAR",16603,99109.94,2858,14651.24,0,0,0,0,0,0,0,0,0,0,19461,113761.18
"HIMACHAL PRADESH","Bilaspur",0,0,2,4.1,6,68.47,0,0,0,0,0,0,0,0,8,72.57
"HIMACHAL PRADESH","Hamirpur",2,3.32,1,0.84,0,0,17,21.42,0,0,1,0.5,0,0,21,26.08
"HIMACHAL PRADESH","Kangra",59,1785.84,617,3472.97,27,951.77,113,456.01,0,0,0,0,24,130.25,840,6796.84
"HIMACHAL PRADESH","Mandi",0,0,4,12.86,0,0,1,2,0,0,0,0,0,0,5,14.86
"HIMACHAL PRADESH","Sirmaur",36,582.49,58,199.99,4,993.04,53,260.46,0,0,0,0,10,0,161,2035.98
"HIMACHAL PRADESH","Solan",49,446.97,325,2122.15,35,1050.69,31,111.83,3,6,2,4.6,4,11,449,3753.24
"HIMACHAL PRADESH","Una",204,939.61,1448,4327.05,61,797.48,59,76.17,3,3.8,25,68.71,16,56.76,1816,6269.58
"JAMMU & KASHMIR","JAMMU",186,452.49,1356,3397.69,35,91.66,18,28.36,78,43.52,3,12,5,5.2,1681,4030.92
"JAMMU & KASHMIR","KATHUA",19,52,203,525,0,0,4,14,0,0,0,0,1,0,227,591
"JAMMU & KASHMIR","PULWAMA",0,0,2,6,0,0,0,0,0,0,0,0,0,0,2,6
"JAMMU & KASHMIR","UDHAMPUR",0,0,0,0,0,0,0,0,0,0,0,0,1,16,1,16
"JHARKHAND","BOKARO",2,0.5,14,8,0,0,0,0,0,0,0,0,11,1.43,27,9.93
"JHARKHAND","CHATRA",0,0,24,11.8,0,0,0,0,0,0,0,0,0,0,24,11.8
"JHARKHAND","DEOGHAR",0,0,10,0,0,0,7,0,0,0,0,0,1,0,18,0
"JHARKHAND","DHANBAD",3,0,86,99.9,2,1,0,0,0,0,0,0,1,0,92,100.9
"JHARKHAND","EAST SINGHBHUM",1,4,509,1129.71,1,1.71,16,30.6,1,0.9,0,0,13,3.85,541,1170.77
"JHARKHAND","GARHWA",7,13.7,41,23,2,0,9,12.5,0,0,0,0,0,0,59,49.2
"JHARKHAND","GIRIDIH",3,7.94,30,16.49,1,0.37,1,0.37,0,0,0,0,0,0,35,25.17
"JHARKHAND","GODDA",5,28.6,105,690.2,2,14.4,3,21.6,0,0,0,0,0,0,115,754.8
"JHARKHAND","GUMLA",3,0,18,0,0,0,0,0,0,0,0,0,0,0,21,0
"JHARKHAND","HAZARIBAGH",0,0,1,0.44,0,0,0,0,0,0,0,0,0,0,1,0.44
"JHARKHAND","JAMTARA",1,3.24,15,11.85,0,0,0,0,0,0,0,0,0,0,16,15.09
"JHARKHAND","KHUNTI",8,4.8,23,3.7,0,0,0,0,0,0,0,0,9,12.2,40,20.7
"JHARKHAND","KODERMA",16,28.2,14,11.31,0,0,0,0,0,0,0,0,0,0,30,39.51
"JHARKHAND","LATEHAR",0,0,7,17.85,0,0,0,0,0,0,0,0,0,0,7,17.85
"JHARKHAND","LOHARDAGA",1,0.3,7,11.62,0,0,0,0,0,0,0,0,0,0,8,11.92
"JHARKHAND","PAKUR",24,53.4,251,135,5,5,6,7,0,0,0,0,1,1.6,287,202
"JHARKHAND","PALAMU",3,6,209,411.4,0,0,0,0,0,0,0,0,1,2,213,419.4
"JHARKHAND","RAMGARH",1,0,7,1.55,0,0,0,0,0,0,0,0,0,0,8,1.55
"JHARKHAND","RANCHI",9,5.26,57,29.85,15,10.1,0,0,4,0,1,1,1,0,87,46.21
"JHARKHAND","SAHEBGANJ",3,10,349,239.27,0,0,2,8,1,1,0,0,0,0,355,258.27
"JHARKHAND","SARAIKELA",0,0,24,18.63,1,0,0,0,0,0,0,0,2,0.98,27,19.61
"JHARKHAND","SIMDEGA",0,0,52,39.68,0,0,0,0,0,0,0,0,0,0,52,39.68
"JHARKHAND","WEST SINGHBHUM",0,0,4,4,0,0,0,0,0,0,0,0,0,0,4,4
"KARNATAKA","Bagalkote",2538,6883,1640,3319.2,20504,54997.14,2749,6719.13,401,1378.65,1413,5287.32,103,96.75,29348,78681.19
"KARNATAKA","Bangalore",3024,3514.26,1108,1188.73,8776,10034.52,55,63.77,86,187.41,13,24.83,875,35.39,13937,15048.91
"KARNATAKA","Bangalore Rural",7125,7403.74,10985,11310.88,17174,17583.37,2403,1996.48,2743,3078.64,337,455.09,2686,143.13,43453,41971.33
"KARNATAKA","Belgaum",8084,16106.34,7331,15769.48,22553,45456.23,4033,7027.81,70,118.97,42,229.17,1371,655.26,43484,85363.26
"KARNATAKA","Bellary",3739,9979.87,4415,11969.81,13171,35030.4,186,525.56,62,200.09,14,36.88,550,488.6,22137,58231.21
"KARNATAKA","Bidar",1724,2384.46,7970,9430.71,5161,6915.9,227,323.16,29,28.72,3,1.97,151,96.47,15265,19181.39
"KARNATAKA","Bijapur",3154,7189.34,2977,7231.7,8551,23095.34,1680,5455.86,1870,4388.56,20,48.86,83,22.56,18335,47432.22
"KARNATAKA","Chamaraja Nagara",5899,8768.41,3007,4500.31,11059,16125.89,1166,1376.7,309,629.28,17,17.71,1392,19.46,22849,31437.76
"KARNATAKA","Chikmagalur",642,643.42,436,413.69,12473,11647.52,4027,3634.78,5975,5710.43,134,187.84,525,56.22,24212,22293.9
"KARNATAKA","Chitradurga",13363,26037.48,6653,13385.11,12073,22270.64,4196,7473.94,11525,14215.85,147,364.4,758,118.97,48715,83866.39
"KARNATAKA","Dakshina Kannada",461,626.4,437,562.74,2485,4096.7,1794,2069.56,1343,1875.26,8416,11259.66,259,238.27,15195,20728.59
"KARNATAKA","Davanagere",1967,3285.97,4963,8874.25,18693,36898.38,4452,7247.41,12387,14911.94,30,52.06,692,322.74,43184,71592.75
"KARNATAKA","Dharwar",438,670.01,639,862.07,3052,4536.88,4725,6222.68,32,65.07,364,898.52,159,17.11,9409,13272.34
"KARNATAKA","Gadag",3709,8979.72,623,1467.42,4007,11635.95,1206,2709.48,56,145.96,76,205.71,113,65.02,9790,25209.26
"KARNATAKA","Gulbarga",2074,3366.78,3763,5142.61,5342,8281.52,1218,1689.5,48,77.43,17,12.3,1539,39.62,14001,18609.76
"KARNATAKA","Hassan",1721,1721.89,1534,1477.61,39351,44259.24,2733,4156.67,517,644.45,65,138.94,471,85.11,46392,52483.91
"KARNATAKA","Haveri",2282,3603.08,6167,14140.45,6158,11840.69,8939,18201.66,147,304.57,16,28.31,719,2.3,24428,48121.06
"KARNATAKA","Kodagu",17,26.1,13,27.59,311,750.88,215,592.14,193,997.06,625,2303.79,8,20.53,1382,4718.09
"KARNATAKA","Kolar",20186,25778.73,10453,12866.46,24255,33721.33,1216,1666.45,1128,1484.64,157,309.37,2937,364.26,60332,76191.24
"KARNATAKA","Koppal",3538,6826.2,5126,10036.83,13566,25839.76,997,2083.25,376,783.85,30,65.32,2963,23.65,26596,45658.86
"KARNATAKA","Mandya",3293,2739.61,4690,2856.17,25447,22876.08,1216,957.02,37,40.02,4,3.31,1022,300.21,35709,29772.42
"KARNATAKA","Mysore",1080,1675.81,2332,3310.38,19321,32781.92,2518,4521.8,133,284.81,223,447.22,632,150.7,26239,43172.64
"KARNATAKA","Raichur",41,60.69,917,1173.7,5873,10555.24,640,930.91,91,238.79,7,38.13,97,2.41,7666,12999.87
"KARNATAKA","Shimoga",767,870.73,4675,6555.77,6706,9731.87,4572,6421.25,2110,2811.85,1169,1519,182,101.56,20181,28012.03
"KARNATAKA","Tumkur",23431,29129.72,9558,12141.59,51984,58350.26,5586,5818.97,5940,8722.88,95,153.02,5941,382.87,102535,114699.31
"KARNATAKA","Udupi",407,351.21,383,318.41,382,426.31,380,382.59,137,191.03,357,458.52,31,20.93,2077,2149
"KARNATAKA","Uttara Kannada",361,284.3,323,174.87,1537,1280.95,3536,3167.16,356,295.41,179,156.62,84,15.56,6376,5374.87
"KERALA","ALAPPUZHA",0,0,43,15.07,1,0.4,1472,563.66,3,4.31,2,2.47,35,9.07,1556,594.98
"KERALA","ERANAKULAM",0,0,56,46.48,5,6.1,30,23.56,2,2.5,4,1.9,3,0.79,100,81.33
"KERALA","IDDUKKI",0,0,3,7.05,0,0,41,69.95,0,0,0,0,42,118.06,86,195.06
"KERALA","KANNUR",1,0.05,3,0.9,16,18.1,133,158.33,1,0.2,18,12.96,1,0,173,190.54
"KERALA","KASARAGODE",39,51.71,136,61.79,106,228.21,80,142.81,8,12.8,33,68.7,4,1.75,406,567.77
"KERALA","KOLLAM",0,0,0,0,13,127.19,4,1.24,0,0,0,0,10,1.91,27,130.34
"KERALA","KOTTAYAM",0,0,2,2.51,0,0,6,1.92,2,0.46,0,0,13,3.26,23,8.15
"KERALA","KOZHIKODE",0,0,1,0.28,0,0,5,1.83,0,0,0,0,0,0,6,2.11
"KERALA","MALAPPURAM",17,12.65,159,104.08,8,28.66,154,74.42,5,2.05,4,3.6,0,0,347,225.46
"KERALA","PALAKKAD",367,559.36,761,1152.06,41,55.86,121,185.54,0,0,7,13,0,0,1297,1965.82
"KERALA","PATHANAMTHITTA",0,0,15,5.98,11,6.91,16,9.82,0,0,0,0,15,10.7,57,33.41
"KERALA","THIRUVANANTHAPURAM",0,0,0,0,1,0.1,24,16.05,0,0,0,0,1,0,26,16.15
"KERALA","THRISSUR",137,76.08,509,164.42,45,25.45,1071,294.65,17,9.14,16,7.81,1,0.08,1796,577.63
"KERALA","WAYANAD",0,0,10,12.72,0,0,3,6.3,0,0,0,0,0,0,13,19.02
"MADHYA PRADESH","ANUPPUR",1,0.29,10,18.09,0,0,2,0.8,0,0,0,0,1,0,14,19.18
"MADHYA PRADESH","Ashok Nagar",4,21,121,487.14,0,0,1155,5418.85,1,5,0,0,0,0,1281,5931.99
"MADHYA PRADESH","BALAGHAT",1,0.72,7,25.49,3,3.26,2,3.28,0,0,0,0,1,0,14,32.75
"MADHYA PRADESH","BARWANI",3,11.03,335,953.12,96,238.94,95,226.63,0,0,1,3.3,0,0,530,1433.02
"MADHYA PRADESH","BETUL",204,299.97,1211,1854.92,16,34.13,393,2930.38,160,160,3,7,46,0,2033,5286.4
"MADHYA PRADESH","BHIND",7,29.34,96,389.83,1,10,2088,12353.91,3,20.8,2,10,34,10,2231,12823.88
"MADHYA PRADESH","BHOPAL",56,99.8,58,165.09,208,622.74,9294,26925.71,1,2.83,2,8.47,1,1.84,9620,27826.48
"MADHYA PRADESH","BURHANPUR",10,15.3,667,1825.27,22,39.3,36,105.74,97,335.7,0,0,1,2.7,833,2324.01
"MADHYA PRADESH","CHHATARPUR",3,37,24,278,0,0,11,101,0,0,0,0,0,0,38,416
"MADHYA PRADESH","CHHINDWARA",13,21,79,179.34,14,25.31,49,123.49,0,0,3,4,2,0,160,353.14
"MADHYA PRADESH","DAMOH",3,2.22,47,108.09,106,297.65,2347,7517.75,2,14.17,154,626.67,0,0,2659,8566.55
"MADHYA PRADESH","DATIA",0,0,140,312.64,0,0,311,754.86,0,0,0,0,120,23.5,571,1091
"MADHYA PRADESH","DEWAS",252,397.41,2926,6692.57,1127,3433.61,6674,18893.67,10,23.2,1,3,354,0,11344,29443.46
"MADHYA PRADESH","DHAR",353,663.46,4823,10110.31,6811,26829.81,16215,54626.71,94,717.6,313,1042.56,1247,4756.74,29856,98747.19
"MADHYA PRADESH","DINDORI",0,0,3,1.1,0,0,0,0,0,0,2,1.25,0,0,5,2.35
"MADHYA PRADESH","GUNA",145,360.36,1169,3796,397,1205.65,2337,15925.34,47,123.31,0,0,0,0,4095,21410.66
"MADHYA PRADESH","GWALIOR",308,631.44,1892,4998.73,80,336.33,6319,28963.6,2,6.8,0,0,138,214.64,8739,35151.54
"MADHYA PRADESH","HARDA",46,25.42,363,1005.13,135,420.19,589,1916.16,6,14.9,5,16.3,24,1.55,1168,3399.65
"MADHYA PRADESH","HOSHANGABAD",1759,5754.03,1490,5421.34,405,1324.14,4914,20292.41,5,44.08,322,1992.32,58,142.22,8953,34970.54
"MADHYA PRADESH","INDORE",263,784.12,12812,53082.35,4785,15661.88,22646,102829.63,19,89.28,13,86.09,272,1099.24,40810,173632.59
"MADHYA PRADESH","JABALPUR",74,417.04,5,11.42,22,148.78,740,2578.48,6,16.71,8908,40638.07,0,0,9755,43810.5
"MADHYA PRADESH","JHABUA",1,0,222,267.56,221,303.97,598,927.41,0,0,0,0,0,0,1042,1498.94
"MADHYA PRADESH","KATNI",4,40,184,642.58,45,171.86,590,1582.25,0,0,2,4.31,0,0,825,2441
"MADHYA PRADESH","KHANDWA",4,7.5,974,2165.59,146,502.17,14,28.5,0,0,0,0,0,0,1138,2703.76
"MADHYA PRADESH","KHARGONE",16,34.88,1027,2318.95,203,1971.64,11,26,0,0,0,0,0,0,1257,4351.47
"MADHYA PRADESH","MANDLA",2,6,5,7.76,0,0,1,2.4,0,0,0,0,0,0,8,16.16
"MADHYA PRADESH","MANDSAUR",2,2.9,317,513.35,76,183.73,95,493.38,1,5.22,0,0,20,5.45,511,1204.03
"MADHYA PRADESH","MORENA",11,2051.99,86,497.86,1,0,451,3758.13,0,0,0,0,134,698.77,683,7006.75
"MADHYA PRADESH","NARSINGHPUR",64,267.1,97,351.82,87,406.61,1646,6195.8,285,815.39,19915,71183.62,314,7.93,22408,79228.27
"MADHYA PRADESH","NEEMUCH",55,209.14,258,548.01,111,237.66,217,388.05,0,0,0,0,0,0,641,1382.86
"MADHYA PRADESH","PANNA",20,58.3,48,326.1,146,973.88,2195,7723.92,1,4.5,0,0,0,0,2410,9086.7
"MADHYA PRADESH","RAISEN",166,1305.76,20,44.12,263,1199.1,6954,37795.29,10,60.08,1622,8044.35,0,0,9035,48448.7
"MADHYA PRADESH","RAJGARH",8,13.39,47,68.6,499,1292.09,3255,8287.41,1,0.3,0,0,115,1.27,3925,9663.06
"MADHYA PRADESH","RATLAM",15,35.65,907,1927.99,302,669.53,1827,4296.73,0,0,6,19.8,837,0,3894,6949.7
"MADHYA PRADESH","REWA",12,46.66,495,1734.61,77,230.87,1123,3717.56,7,95.07,0,0,5,0,1719,5824.77
"MADHYA PRADESH","SAGAR",1,12,15,33.93,302,828.57,2967,8611.27,0,0,102,572.7,0,0,3387,10058.47
"MADHYA PRADESH","SATNA",95,263.91,947,2900.06,484,1636.1,2982,9669.04,14,86.3,29,91.15,69,7,4620,14653.56
"MADHYA PRADESH","SEHORE",45,211.2,123,575,1811,7854.24,14892,72600.45,79,292.05,12,49,461,55,17423,81636.94
"MADHYA PRADESH","SEONI",8,10.37,39,58.53,6,10.68,227,436.06,0,0,95,214.98,16,0,391,730.62
"MADHYA PRADESH","SHAHDOL",1,3.32,58,402.13,0,0,11,30.96,0,0,0,0,0,0,70,436.41
"MADHYA PRADESH","SHAJAPUR",13,22.96,677,1988.34,1427,4349.82,3706,10130.87,10,30.97,25,63.98,7,0,5865,16586.94
"MADHYA PRADESH","SHEOPUR",1,8,759,5042.27,40,153.21,1218,4526.17,1,1.49,0,0,15,0,2034,9731.14
"MADHYA PRADESH","SHIVPURI",338,1920.47,86,201.42,31,112.17,211,838.44,0,0,0,0,0,0,666,3072.5
"MADHYA PRADESH","SIDHI",45,233.8,854,2472.07,112,299.3,730,2830.68,0,0,1,5.9,0,0,1742,5841.75
"MADHYA PRADESH","TIKAMGARH",2,9,87,359.3,2,19,28,110.64,1,2,0,0,0,0,120,499.94
"MADHYA PRADESH","UJJAIN",493,444.66,773,1023.79,22223,22348.2,9058,11876.9,5374,5367.15,0,0,0,0,37921,41060.7
"MADHYA PRADESH","UMARIA",18,79.61,301,907.11,5,24.45,107,301.9,0,0,2,19.8,7,0,440,1332.87
"MADHYA PRADESH","VIDISHA",20,89.82,2,3.5,99,519.13,12310,69280.6,1,4,5,21.06,21,4.9,12458,69923.01
"MAHARASHTRA","AHMEDNAGAR",1007,1957.9,3642,4384.43,6145,12828.83,1376,2409.61,301,895.93,41,60.39,2398,3944.88,14910,26481.97
"MAHARASHTRA","AKOLA",6,7.97,139,252.8,102,239.19,2,1.4,1,0.7,32,101.16,14,0,296,603.22
"MAHARASHTRA","AMRAVATI",3,5.46,151,328.41,125,261.76,54,111.13,8,19.82,621,1719.41,3,0,965,2445.99
"MAHARASHTRA","AURANGABAD",33,47.34,468,825.06,942,1931.53,98,194.88,30,52.75,2,0.8,4,1.5,1577,3053.86
"MAHARASHTRA","BEED",38,204.3,284,978.1,962,1976.9,145,293.41,2,1.61,1,0.82,5,23.89,1437,3479.03
"MAHARASHTRA","BHANDARA",0,0,76,67.06,0,0,3,3.1,0,0,0,0,0,0,79,70.16
"MAHARASHTRA","BULDANA",1,0,98,126.81,38,30.57,244,240.29,14,27.03,66,85.2,59,0,520,509.9
"MAHARASHTRA","CHANDRAPUR",5,2.42,839,1732.42,17,29.19,601,1242.81,1,3.69,7,15.19,0,0,1470,3025.72
"MAHARASHTRA","DHULE",3,4.91,472,624.79,1161,1992.35,533,909.74,20,30.06,8,23.55,243,0,2440,3585.4
"MAHARASHTRA","GADCHIROLI",1,0.4,31,145.1,2,0,27,91.75,0,0,0,0,1,2.21,62,239.46
"MAHARASHTRA","GONDIYA",73,118.02,60,80.54,14,17.07,46,51.72,0,0,0,0,1,2,194,269.35
"MAHARASHTRA","HINGOLI",13,23.73,868,2229.51,1587,4245.36,526,1567.99,3,9,3,10.1,0,0,3000,8085.69
"MAHARASHTRA","JALGAON",36,74.85,204,353.44,2005,4071.38,1819,4076.71,346,800.19,3,6.08,43,57.6,4456,9440.25
"MAHARASHTRA","JALNA",15,21.26,105,155.39,585,1535.75,18,23.19,10,24.64,0,0,108,30.25,841,1790.48
"MAHARASHTRA","KOLHAPUR",53,54.99,676,1227.76,917,1524.97,171,282.12,0,0,0,0,28,2.4,1845,3092.24
"MAHARASHTRA","LATUR",184,389,112,182.6,1173,2455.8,416,983.86,4,15.6,15,45.09,1,0,1905,4071.95
"MAHARASHTRA","NAGPUR",10,10.15,74,54.04,3,0.44,19,35.22,0,0,0,0,0,0,106,99.85
"MAHARASHTRA","NANDED",157,358.28,1614,3908.4,4889,11429.72,466,1249.46,1,1.64,68,331.16,3,0.3,7198,17278.96
"MAHARASHTRA","NANDURBAR",26,101.53,3564,8573.99,2450,6783.98,765,2283.66,17,34.02,4,9.57,309,29.09,7135,17815.84
"MAHARASHTRA","NASHIK",32,45.75,431,792.9,148,205.32,21,28.47,0,0,0,0,2836,3956.85,3468,5029.29
"MAHARASHTRA","OSMANABAD",71,143.81,415,1033.61,743,2125.51,120,346.26,0,0,0,0,140,24.47,1489,3673.66
"MAHARASHTRA","PARBHANI",9,21.8,896,1231.1,1723,3436.67,277,213.45,0,0,0,0,10,0,2915,4903.02
"MAHARASHTRA","PUNE",70,258.68,1514,1731.47,3855,13601.02,311,1111.04,1,0.03,2,2,6,2.16,5759,16706.4
"MAHARASHTRA","RAIGHAR",1,0.6,33,67.9,309,609.01,2,1.1,0,0,0,0,11,12.15,356,690.76
"MAHARASHTRA","RATNAGIRI",3,0.95,13,6.29,13,7.1,19,14.98,9,8.48,0,0,2,0.58,59,38.38
"MAHARASHTRA","SANGLI",82,74.86,1842,2661.66,2714,3845.09,223,331.12,651,750.73,2,1.12,35,75.19,5549,7739.77
"MAHARASHTRA","SATARA",94,124.69,632,810.82,1779,2608.7,101,120.69,34,19.77,64,75.44,4,2,2708,3762.11
"MAHARASHTRA","SINDHUDURGA",5,5.1,34,32.6,5,14.2,17,12.3,0,0,1,1.2,1,0,63,65.4
"MAHARASHTRA","SOLAPUR",45,86.84,3665,8070.82,5195,9203.74,248,408.39,250,621.73,2,2,36,1.2,9441,18394.72
"MAHARASHTRA","THANE",8,52.26,487,875.65,739,1393.11,634,829.68,175,373.67,2,0.7,8,8.44,2053,3533.51
"MAHARASHTRA","WARDHA",5,6.08,24,35.15,19,35.45,7,52.2,0,0,3,7.3,0,0,58,136.18
"MAHARASHTRA","WASHIM",23,36.92,172,238.68,29,74.02,163,197.56,0,0,10,12.35,2,0,399,559.53
"MAHARASHTRA","YAVATMAL",11,22.53,203,421.64,107,193.57,124,221.46,0,0,127,263.1,0,0,572,1122.3
"MEGHALAYA","WEST GARO HILLS",1,3,201,774.9,0,0,0,0,0,0,0,0,0,0,202,777.9
"MEGHALAYA","WEST KHASI HILLS",0,0,2,0.7,0,0,0,0,0,0,0,0,0,0,2,0.7
"NAGALAND","DIMAPUR",0,0,1,1.8,0,0,0,0,0,0,0,0,1,0,2,1.8
"ODISHA","ANGUL",0,0,146,64.09,8,1.1,131,38.82,1,1.15,0,0,13,0.85,299,106.01
"ODISHA","BALASORE",196,380.82,12182,30680.09,25,118.21,1556,3433.51,1,3,7,4.16,3349,0.84,17316,34620.63
"ODISHA","BARGARH",16,57.71,1834,4543.4,26,114.58,347,1099.81,2,7.45,0,0,325,24.89,2550,5847.84
"ODISHA","BHADRAK",12,28.41,2795,5120.83,71,88.48,747,1000.37,0,0,3,5.23,1583,84.69,5211,6328.01
"ODISHA","BOLANGIR",4,18.44,94,176.12,1,0.91,4,8.47,0,0,0,0,12,0,115,203.94
"ODISHA","BOUDH",0,0,0,0,0,0,0,0,0,0,0,0,2,0,2,0
"ODISHA","CUTTACK",46,169.71,4151,5615.72,15,65.4,1217,1067.94,0,0,1,0.9,974,0.06,6404,6919.73
"ODISHA","DEOGARH",0,0,12,2.51,0,0,0,0,0,0,0,0,0,0,12,2.51
"ODISHA","DHENKANAL",5,2.1,30,23.48,15,29.92,30,42.68,0,0,1,2.22,17,0.17,98,100.57
"ODISHA","GAJAPATI",8,73.76,111,535.99,0,0,18,65.57,0,0,0,0,21,0,158,675.32
"ODISHA","GANJAM",117,639.66,1489,4655.64,26,246.01,74,542.58,1,4.2,3,0.6,306,0,2016,6088.69
"ODISHA","JAGATSINGHPUR",36,39.71,2518,2288.52,10,20.57,2180,1940.64,2,4.08,0,0,1384,0.03,6130,4293.55
"ODISHA","JAJAPUR",291,278.14,2103,3313.63,82,100.16,1659,1712.12,2,1.8,0,0,926,4.15,5063,5410
"ODISHA","JHARSUGUDA",0,0,10,13.43,0,0,0,0,0,0,0,0,6,0,16,13.43
"ODISHA","KALAHANDI",2,8.82,14,18.26,1,0.6,1,0.28,0,0,0,0,5,0,23,27.96
"ODISHA","KANDHAMAL",0,0,4,1.34,0,0,0,0,0,0,0,0,1,0,5,1.34
"ODISHA","KENDRAPARA",17,22.78,827,1238.43,7,81.13,331,541.42,0,0,0,0,516,1.4,1698,1885.16
"ODISHA","KEONJHAR",3,2.84,661,526.71,3,2.5,569,194.58,0,0,13,17.08,257,4.29,1506,748
"ODISHA","KHURDA",5,10.03,1030,1552.21,1,2.38,30,50.38,0,0,0,0,97,0,1163,1615
"ODISHA","KORAPUT",0,0,14,17.09,23,91.36,19,51.16,0,0,0,0,8,0.16,64,159.77
"ODISHA","MALKANAGIRI",7,28.3,0,0,0,0,0,0,0,0,0,0,0,0,7,28.3
"ODISHA","MAYURBHANJA",19,50.08,1910,3345.78,30,113.13,423,675.58,0,0,1,1.64,488,6.75,2871,4192.96
"ODISHA","NAWARANGAPUR",2,22,68,64.47,0,0,15,34.03,0,0,0,0,13,0,98,120.5
"ODISHA","NAYAGARH",5,17.2,134,270.79,3,20.5,129,356.28,0,0,1,2.83,50,0,322,667.6
"ODISHA","NUAPADA",0,0,27,43.58,0,0,0,0,0,0,0,0,13,0,40,43.58
"ODISHA","PURI",63,166.75,6040,10138.85,14,22.67,132,124,0,0,2,6.04,706,10.01,6957,10468.32
"ODISHA","RAYAGADA",16,130.2,282,1339.49,6,58,103,609.32,0,0,1,1.2,126,4.64,534,2142.85
"ODISHA","SAMBALPUR",0,0,27,20.01,1,0.6,6,5.89,0,0,0,0,6,0,40,26.5
"ODISHA","SONEPUR",1,0.2,14,10.89,0,0,15,18.07,0,0,0,0,3,2.47,33,31.63
"ODISHA","SUNDARGARH",5,5.3,56,60.11,2,2.6,6,4.79,0,0,0,0,19,0,88,72.8
"PUDUCHERRY","PUDUCHERRY",1157,3359.09,608,1426.7,119,314.03,173,402.63,2,28.36,0,0,0,0,2059,5530.81
"PUNJAB","AMRITSER",66,281.52,82773,376094.22,260,1390.22,5,21.4,8,35.58,0,0,0,0,83112,377822.94
"PUNJAB","BARNALA",64,260.8,7938,41749.92,6,34,1,0.8,0,0,0,0,9,20,8018,42065.52
"PUNJAB","BATHINDA",18976,114328.62,12444,63590,108,954.18,9,120.6,4,10.04,9,148,9669,43881.18,41219,223032.62
"PUNJAB","FARIDKOT",2050,14986.62,33024,173723.58,11,58.22,1,3.6,1,4,0,0,1,1.62,35088,188777.64
"PUNJAB","FATEHGARH SAHIB",124,749.9,32325,192838.5,2921,23232.68,1,3.24,11,61.72,0,0,0,0,35382,216886.04
"PUNJAB","FEROZEPUR",24399,136306.62,57629,289600.54,383,3627.48,1,0.8,7,37.44,1,4.86,211,0,82631,429577.74
"PUNJAB","GURDASPUR",5967,27782.7,76135,337959.06,386,1893.78,61,284.76,1,7.28,0,0,0,0,82550,367927.58
"PUNJAB","HOSHIARPUR",14212,59858.26,20511,90258.76,392,2822.38,42,168.92,0,0,1,4.84,2612,378.4,37770,153491.56
"PUNJAB","JALANDHAR",2031,8887.54,37059,203072.94,8867,63203.08,25,98.4,10,86.32,1,3.24,0,0,47993,275351.52
"PUNJAB","KAPURTHALA",6338,34336.42,44105,238004.24,1132,7611.68,3,31.32,1,4.86,0,0,1,0,51580,279988.52
"PUNJAB","LUDHIANA",300,1686.9,90899,493475.06,0,0,0,0,0,0,0,0,1,0,91200,495161.96
"PUNJAB","MANSA",7532,33959.3,32137,118856.58,406,3161.66,1,2.42,9,78.14,0,0,0,0,40085,156058.1
"PUNJAB","MOGA",2,8.04,22343,136694.38,3,12.12,3,12.12,0,0,2,18.8,0,0,22353,136745.46
"PUNJAB","MOHALI",1347,10048.7,7703,52361.24,0,0,0,0,0,0,0,0,0,0,9050,62409.94
"PUNJAB","MUKATSAR",22829,111491.36,6072,29029.32,3,16,0,0,3,10,0,0,0,0,28907,140546.68
"PUNJAB","NAWANSHAHAR",294,1472.62,16744,84153.08,0,0,0,0,0,0,0,0,0,0,17038,85625.7
"PUNJAB","PATIALA",767,6337.24,69174,460665.8,566,4250.12,437,2817.86,5,43.6,0,0,3,18,70952,474132.62
"PUNJAB","ROPAR",718,3571.32,23362,98930.66,420,3764.52,13,111.82,2,4.42,2,9.78,4,12.94,24521,106405.46
"PUNJAB","SANGRUR",113,514.02,4051,16034.66,3,14.2,1,6,0,0,0,0,0,0,4168,16568.88
"PUNJAB","TARN TARAN",2614,13136.48,45408,234889.06,307,1702.2,2,5.66,1,3.24,0,0,0,0,48332,249736.64
"RAJASTHAN","AJMER",12,12.66,28,38.34,58,81.15,23,38.1,5,14.95,13,37.02,54,36.32,193,258.54
"RAJASTHAN","ALWAR",808,2504.22,4342,16483.15,2388,9789.05,13716,76605.58,346,1419.18,1465,5130.34,745,1362.48,23810,113294
"RAJASTHAN","BANSWARA",10,43.42,298,962.63,35,144.33,44,126.83,1,2,1,1.5,62,14.08,451,1294.79
"RAJASTHAN","BARAN",126,623.27,1544,10541.99,13,28.94,1821,15425.76,0,0,7,22.14,581,952.09,4092,27594.19
"RAJASTHAN","BARMER",10,50.34,231,1247.65,59,521.91,1,6.31,1,8,212,1613.37,65,0,579,3447.58
"RAJASTHAN","BHARATPUR",404,1975.98,1359,8529.64,290,1675.42,32984,201390.64,2,9.73,13,102.2,672,2385.85,35724,216069.46
"RAJASTHAN","BHILWARA",48,115.94,102,255.44,25,75.56,74,259.62,1,0.45,3,2.51,119,0,372,709.52
"RAJASTHAN","BUNDI",224,111.56,2312,3483.91,17,13.14,590,1719.97,0,0,3,3.6,3360,233.09,6506,5565.27
"RAJASTHAN","CHITTORGARH",116,385.91,437,1968.42,302,1423.11,860,5556.32,6,38.47,26,201.29,147,154.26,1894,9727.78
"RAJASTHAN","CHURU",0,0,0,0,0,0,0,0,0,0,15,119.27,3,0,18,119.27
"RAJASTHAN","DAUSA",580,2386.99,1704,5023.77,517,2377.4,8453,32194.85,50,138.28,310,915.32,783,5.8,12397,43042.41
"RAJASTHAN","DHOLPUR",74,506.55,1713,9052.37,10,73.76,9376,64930.37,1,6,6,45.06,248,14.25,11428,74628.36
"RAJASTHAN","DUNGARPUR",11,20.09,38,85.45,21,108.95,30,167.99,0,0,0,0,0,0,100,382.48
"RAJASTHAN","GANGANAGAR",5,72.98,40,199.76,49,641.02,0,0,0,0,0,0,0,0,94,913.76
"RAJASTHAN","HANUMANGARH",12,65.66,1018,4247.89,0,0,35,88.59,0,0,2,3.36,66,0,1133,4405.5
"RAJASTHAN","JAIPUR",186,477.35,984,3456.12,699,2064.58,871,4207.58,158,636.75,5920,27936,697,1270.75,9515,40049.13
"RAJASTHAN","JAISALMER",0,0,2,32.06,0,0,0,0,14,258.91,0,0,0,0,16,290.97
"RAJASTHAN","JALORE",58,295.01,238,1107.24,31,160.11,138,669.49,0,0,676,3420.69,120,0,1261,5652.54
"RAJASTHAN","JHALAWAR",26,148.33,519,4374.71,32,154.88,185,1019.02,0,0,1,1,30,0,793,5697.94
"RAJASTHAN","JHUNJHUNU",1,0,0,0,0,0,0,0,0,0,176,979.88,1,0,178,979.88
"RAJASTHAN","JODHPUR",48,225.14,71,555.78,2,15.59,40,147.15,0,0,35,126.26,54,0,250,1069.92
"RAJASTHAN","KAROLI",160,589.33,958,4123.93,414,1812.12,3161,13035.62,2,11.72,2,4.57,264,0,4961,19577.29
"RAJASTHAN","KOTA",1124,4268.58,1774,8598.88,212,1173.06,2294,9864.96,0,0,0,0,2741,151.84,8145,24057.32
"RAJASTHAN","NAGAUR",118,992.74,118,1910.37,3,24.53,1,16.44,0,0,394,3241.03,87,0,721,6185.11
"RAJASTHAN","PALI",143,686.3,335,1730.31,31,137.39,48,170.04,0,0,0,0,125,0,682,2724.04
"RAJASTHAN","RAJSAMAND",1,6.8,6,23,2,6,5,16.48,0,0,1,1.5,26,0,41,53.78
"RAJASTHAN","SAWAI MADHOPUR",138,981.65,277,1214.8,25,150.34,3676,14214.86,0,0,1,2.8,52,0,4169,16564.45
"RAJASTHAN","SIKAR",13,87.47,30,132.18,1,3.4,18,110.18,0,0,1082,4878.38,26,0.35,1170,5211.96
"RAJASTHAN","SIROHI",8,42.32,14,36.51,3,19.49,32,126.56,0,0,30,159.44,14,0,101,384.32
"RAJASTHAN","TONK",116,599.54,112,1604.85,0,0,237,1466.06,0,0,1,6.84,56,0,522,3677.29
"RAJASTHAN","UDAIPUR",67,101.8,197,390.24,82,207.48,169,437.48,0,0,11,19.69,102,0,628,1156.69
"TAMIL NADU","CUDDALORE",5225,16655.88,8459,22349.86,1384,4584.78,89,310.76,5,12.66,2,2.6,39,1.6,15203,43918.14
"TAMIL NADU","DHARMAPURI",40,34.89,19,10.28,3,3.74,1,0.2,0,0,0,0,0,0,63,49.11
"TAMIL NADU","DINDIGUL",56,390.9,56,135.16,3,4.9,3,0.04,0,0,0,0,1,0,119,531
"TAMIL NADU","ERODE",1243,1207.58,3396,2900.89,120,114.32,36,35.59,7,8.06,0,0,240,0.81,5042,4267.25
"TAMIL NADU","KANCHEEPURAM",437,408.03,2999,3103.76,507,668.37,12,20.49,0,0,0,0,0,0,3955,4200.65
"TAMIL NADU","KANYAKUMARI",47,18.93,548,365.27,39,17.62,70,29.75,3,4.29,0,0,11,9.2,718,445.06
"TAMIL NADU","KARUR",57,46.4,142,162.08,60,50.45,46,47.39,1,3.95,0,0,80,4.02,386,314.29
"TAMIL NADU","KRISHNAGIRI",192,400.63,83,195.65,18,17.82,6,16.9,1,0.9,0,0,15,0.55,315,632.45
"TAMIL NADU","MADURAI",65,57.26,202,141.27,12,13.97,1,0.6,0,0,0,0,5,0,285,213.1
"TAMIL NADU","NAGAPATTINAM",3341,8011.71,8315,18103.45,1048,2147.84,55,97.82,1,2.8,0,0,112,226.65,12872,28590.27
"TAMIL NADU","NAMAKKAL",39,37.32,6,3.71,8,9.14,53,60.38,1,1.16,0,0,12,0,119,111.71
"TAMIL NADU","NILGIRIS",0,0,0,0,0,0,1,0.4,0,0,0,0,0,0,1,0.4
"TAMIL NADU","PERAMBALUR",638,1444.23,1668,2497.51,1187,1686.27,187,192.93,21,60.62,2,2.16,51,6.89,3754,5890.61
"TAMIL NADU","PUDUKKOTTAI",56,38.05,213,133.43,13,91.54,1,10,0,0,0,0,3,0.7,286,273.72
"TAMIL NADU","RAMANATHAPURAM",118,323.94,122,1057.54,10,18.7,25,10.6,1,0,0,0,6,5.24,282,1416.02
"TAMIL NADU","SALEM",342,275.38,109,92,37,23.51,0,0,0,0,0,0,16,0,504,390.89
"TAMIL NADU","SIVAGANGA",18,10.34,150,814.97,3,7,13,17.32,0,0,0,0,27,0,211,849.63
"TAMIL NADU","THANJAVUR",4374,3865.92,16262,14840.06,369,353.63,22,25.8,3,2.79,0,0,18,5.18,21048,19093.38
"TAMIL NADU","THENI",817,947.18,1174,1166.15,121,141.59,1,1.57,0,0,0,0,4,0,2117,2256.49
"TAMIL NADU","THIRUVALLUR",5675,9628.51,5728,10250.55,2660,8936.66,79,127.76,353,709.37,0,0,2254,2824.16,16749,32477.01
"TAMIL NADU","THIRUVARUR",2249,1561.65,3783,2265.47,527,84.54,27,32.99,5,1.65,1,0,72,8.1,6664,3954.4
"TAMIL NADU","TIRUCHIRAPPALLI",3763,2500.41,3756,756.99,314,112.63,2,5.04,1,0.5,0,0,1523,0,9359,3375.57
"TAMIL NADU","TIRUNELVELI",179,109.42,408,297.18,35,35.48,2,2.95,2,1.7,0,0,170,3.56,796,450.29
"TAMIL NADU","TIRUVANNAMALAI",197,118.83,240,131.62,36,35.23,2,0.85,0,0,0,0,12,0,487,286.53
"TAMIL NADU","TUTICORIN DISTRICT",258,420.24,257,396.75,14,61.63,1,2.2,26,100.94,0,0,87,4.74,643,986.5
"TAMIL NADU","VELLORE",432,416.74,585,761.33,26,62.85,3,3.2,1,0.04,1,0.2,83,4.5,1131,1248.86
"TAMIL NADU","VILLUPPURAM",7254,9807.69,4328,6115.43,1475,2607.67,211,160.36,21,86.92,0,0,26,16.87,13315,18794.94
"TAMIL NADU","VIRUDHUNAGAR",10,13.74,24,19.74,5,1.89,0,0,0,0,2,5.86,14,1.5,55,42.73
"TRIPURA","DHALAI",0,0,5,26.35,0,0,0,0,0,0,0,0,0,0,5,26.35
"TRIPURA","NORTH TRIPURA",0,0,2,7.5,2,16.2,0,0,0,0,0,0,3,5.5,7,29.2
"TRIPURA","SOUTH TRIPURA",15,136.12,616,1104.21,28,131.04,7,6.9,0,0,0,0,53,63.48,719,1441.75
"TRIPURA","WEST TRIPURA",46,257.82,675,2083.43,49,305.68,181,598.29,0,0,0,0,80,129.3,1031,3374.52
"UTTAR PRADESH","AGRA",1085,7650.59,59350,208672.52,540,4640.04,4165,27230.75,69,965.25,35,187.41,2834,0,68078,249346.56
"UTTAR PRADESH","ALIGARH",1481,8065.57,63052,252498.93,821,3065.5,196,971,17,60.75,0,0,394,0,65961,264661.75
"UTTAR PRADESH","ALLAHABAD",3441,22285.98,31402,132469.91,314,1954.65,2770,14813.39,10,53,1,5,1055,23,38993,171604.93
"UTTAR PRADESH","AMBEDAKAR NAGAR",2097,9074.64,37713,106789.55,1539,3309.33,17676,48530.32,8,29.45,0,0,453,13.7,59486,167746.99
"UTTAR PRADESH","AURAIYA",1537,4270.49,33591,80161.16,71,281.32,1583,3830.17,3,10,2,4.5,0,0,36787,88557.64
"UTTAR PRADESH","AZAMGARH",1796,7273.77,59660,237450.03,629,2631.2,8627,50538.25,30,116.27,17,48,1713,435.96,72472,298493.48
"UTTAR PRADESH","BAGHPAT",900,2843.89,22665,68107,210,659.98,0,0,0,0,0,0,1586,0,25361,71610.87
"UTTAR PRADESH","BAHARAICH",1449,5030.32,26419,71456.84,441,1868.25,47243,130621.92,4,16.2,43,59.8,286,285.02,75885,209338.35
"UTTAR PRADESH","BALLIA",245,2471.76,36933,178399.4,25,129.75,5536,24198.97,1,6,0,0,698,11,43438,205216.88
"UTTAR PRADESH","BALRAMPUR",239,1132.51,41075,199015.64,198,1535.09,4978,19723.64,4,24.5,6,19.5,668,396.16,47168,221847.04
"UTTAR PRADESH","BANDA",246,6816.82,7462,31417.74,65,224.65,5098,15681.14,4,19.01,136,694.3,199,7.13,13210,54860.79
"UTTAR PRADESH","BARABANKI",868,1869.39,74407,212491.06,498,733.78,11336,22272.8,21,22.58,4,5.5,6136,643.95,93270,238039.06
"UTTAR PRADESH","BAREILLY",232,3191.74,121010,1028169.59,148,5490.79,1794,19407.71,21,209.6,31,458.88,1160,1958.97,124396,1058887.28
"UTTAR PRADESH","BASTI",1927,5251.92,51155,137981.87,175,887.76,20559,81215.96,563,818.12,332,1805.89,280,1660.48,74991,229622
"UTTAR PRADESH","BIJNOR",2595,9836.77,85963,238463.21,281,889.82,1949,4973.09,6,15.4,0,0,1085,15.42,91879,254193.71
"UTTAR PRADESH","BUDAUN",279,598.92,109522,269229.36,14,54.82,1024,2207.96,3,5.96,0,0,1755,0,112597,272097.02
"UTTAR PRADESH","BULAND SAHAR",1129,6998.02,61175,303534.68,641,3605.58,1,6,22,88,7,38,703,78.5,63678,314348.78
"UTTAR PRADESH","CHANDAULI",261,2869.35,10368,64332.62,140,949.77,1049,3906.61,1,10,4,6.1,139,0,11962,72074.45
"UTTAR PRADESH","CHITRAKOOT",27,293,6,38,0,0,3721,16973,0,0,0,0,82,1,3836,17305
"UTTAR PRADESH","DEORIA",163,2043.35,29715,212087.73,27,1074.59,59559,284783.82,8,38.84,3,22.14,240,894.73,89715,500945.2
"UTTAR PRADESH","ETAH",301,1408.3,94682,415676.9,43,205,0,0,1,4,0,0,882,0,95909,417294.2
"UTTAR PRADESH","ETAWAH",151,991,31347,150651.95,55,371,94,1039,2,8,0,0,2672,0,34321,153060.95
"UTTAR PRADESH","FAIZABAD",845,2928.75,61932,264196.34,132,520.4,5851,22866.79,60,252.4,0,0,957,6,69777,290770.68
"UTTAR PRADESH","FARRUKHABAD",167,918.3,38986,174220.39,495,1957.96,417,1958.59,5,10.9,1,31,159,4651,40230,183748.14
"UTTAR PRADESH","FATEHPUR",982,8071.49,35550,149254.47,226,3265.25,2935,15672.45,25,102.6,135,889.95,1075,658.71,40928,177914.92
"UTTAR PRADESH","FIROZABAD",2115,9153.7,37891,131784.99,290,3468.95,4546,23641.43,9,96.5,7,85.7,733,3564.94,45591,171796.21
"UTTAR PRADESH","GAUTAM BUDHA NAGAR",223,894.4,24468,102292.99,15,68.25,23,109.79,3,13.3,0,0,127,0,24859,103378.73
"UTTAR PRADESH","GHAZIABAD",89,339.31,35337,159084.73,30,149.65,4,17.65,13,47.9,0,0,439,0,35912,159639.24
"UTTAR PRADESH","GHAZIPUR",1767,13065.82,71160,331981.65,90,400.5,4291,19490.96,44,197.05,1,3,729,19.05,78082,365158.03
"UTTAR PRADESH","GONDA",620,3375.74,94737,480063.61,617,2345.39,10460,27460.22,23,70,2,5,201,88.08,106660,513408.04
"UTTAR PRADESH","GORAKHPUR",404,973.4,51914,119230.43,495,1322.51,25749,61000.88,8,15.73,1,2,8466,84906.34,87037,267451.29
"UTTAR PRADESH","HAMIRPUR",290,1869.92,10717,52869.67,14,170.08,2047,10878.91,1,5,511,2802.82,424,47.87,14004,68644.27
"UTTAR PRADESH","HARDOI",293,1155.28,68543,335283.04,554,2205.9,16216,62586.52,46,194.5,0,0,1033,21.5,86685,401446.74
"UTTAR PRADESH","JALAUN",297,815.82,12345,37565.66,15,150.27,388,924.71,19,37.95,41,217.93,692,0,13797,39712.34
"UTTAR PRADESH","JAUNPUR",2091,8050.27,68130,202624.42,611,1746.97,6560,23892.6,34,90.3,3,15.55,32,12.25,77461,236432.36
"UTTAR PRADESH","JHANSI",121,159.24,14918,43235.47,8,15,379,631.96,0,0,8,21.5,189,0,15623,44063.17
"UTTAR PRADESH","JYOTIBA PHULENAGAR",173,1133.64,78076,377215.68,9,21.5,0,0,4,24.32,0,0,35,0,78297,378395.14
"UTTAR PRADESH","KANNAUJ",125,476.48,29547,116678.61,1319,6756.81,471,2710.87,1,3.5,1,7.5,37,67,31501,126700.77
"UTTAR PRADESH","KANPUR DEHAT",180,1769,27868,152552.83,419,1345.51,2605,16494.6,3,12,0,0,652,1475.88,31727,173649.82
"UTTAR PRADESH","KANPUR NAGAR",108,628.2,34016,164893.58,8,39.7,453,1790.95,7,40,3,38,883,1463.5,35478,168893.93
"UTTAR PRADESH","KAUSHAMBI",432,3307.95,17214,83307.83,11,54.44,1829,13980.04,0,0,0,0,1389,5,20875,100655.26
"UTTAR PRADESH","KHERI",806,7540.03,82167,219535.38,210,1753.03,41785,139840.54,16,45.8,8,16.95,487,409.88,125479,369141.61
"UTTAR PRADESH","KUSHINAGAR",1068,3482.99,13856,31759.86,297,1367.09,54829,148911.77,8,23.95,1,0,919,605.93,70978,186151.59
"UTTAR PRADESH","LALITPUR",6,34.55,1119,3674.62,25,278.7,127,371.08,0,0,6,12.83,7,19,1290,4390.78
"UTTAR PRADESH","LUCKNOW",856,4214.51,30952,141049.45,1267,4059.97,2645,10601.62,4,9.8,7,11,2859,48.84,38590,159995.19
"UTTAR PRADESH","MAHA MAYA NAGAR",576,2238,44238,138829.75,7333,28052.74,322,1047.15,7,16,36,79,388,658,52900,170920.64
"UTTAR PRADESH","MAHARAJ GANJ",118,351.95,21132,61151.49,629,1424.49,49868,132433.18,17,55.9,1,3,87,31.97,71852,195451.98
"UTTAR PRADESH","MAHOBA",0,0,117,348.08,1,2.5,3067,12017.76,0,0,21,47.75,19,0,3225,12416.09
"UTTAR PRADESH","MAINPURI",752,2446.75,56678,233967.86,49,193.48,338,1587.54,13,56.5,5,32,1615,13,59450,238297.13
"UTTAR PRADESH","MATHURA",393,3214.25,55588,354421.43,863,1544.85,3186,31024.36,3,43.79,0,0,1969,0,62002,390248.68
"UTTAR PRADESH","MAU",418,2020.7,20933,89167.19,100,482.07,4736,17254.22,1,3,0,0,621,5,26809,108932.18
"UTTAR PRADESH","MEERUT",1972,7961.1,50436,201524.33,70,294.99,2,14,0,0,0,0,608,0,53088,209794.42
"UTTAR PRADESH","MIRZAPUR",161,577.39,4363,11872.84,134,1847.13,2890,5540.33,43,157,0,0,223,81.5,7814,20076.19
"UTTAR PRADESH","MORADABAD",925,2587.66,115522,319854.77,614,3444.5,1258,3277.91,2,5.34,4,8,61,0,118386,329178.18
"UTTAR PRADESH","MUZZAFARNAGAR",1046,4169.52,89758,226805.88,398,1354.51,534,1500.45,9,36,0,0,7,11.5,91752,233877.86
"UTTAR PRADESH","PILIBHIT",154,486.73,82071,272048.98,283,683.27,3259,8155.98,0,0,0,0,233,51.35,86000,281426.31
"UTTAR PRADESH","PRATAPGARH",1938,7133.01,93705,408313.66,232,1082.73,8985,36645.84,7,28.45,1,0.8,1848,2823.37,106716,456027.86
"UTTAR PRADESH","RAEBARELI",1964,9830.67,68240,218495.03,574,2063.6,650,2063.84,21,87.55,10,32.8,2290,1355.01,73749,233928.5
"UTTAR PRADESH","RAMPUR",482,2144.88,77522,380421.37,1710,3725.05,358,616.77,0,0,1,1.02,55,0,80128,386909.09
"UTTAR PRADESH","SAHARANPUR",738,3277.51,84625,355863.73,190,519.29,194,952.76,7,13.22,0,0,458,4.7,86212,360631.21
"UTTAR PRADESH","SANT KABIR NAGAR",197,406.88,19973,73436.44,384,1071.44,20369,53956.83,86,147.42,35,100.26,274,104.4,41318,129223.67
"UTTAR PRADESH","SANT RAVI DAS NAGAR",464,5283.98,5947,29725.37,21,158.04,1027,4879.8,1,1,1,5,95,10,7556,40063.19
"UTTAR PRADESH","SHAHJAHANPUR",156,580.42,81905,281856.86,119,457.54,882,2726.62,1,6,0,0,342,0,83405,285627.44
"UTTAR PRADESH","SHRAWASTI",93,1149.42,32029,126918.07,132,1399.59,5901,20463.87,3,15.5,0,0,46,1.2,38204,149947.65
"UTTAR PRADESH","SIDDHARTH NAGAR",87,406.22,22546,79534.81,5343,22049.2,24206,73040.55,138,621.5,0,0,126,281.35,52446,175933.63
"UTTAR PRADESH","SITAPUR",628,1727.39,51917,216067.69,907,1851.61,72271,189511.12,199,244.39,34,594.29,4709,10022.04,130665,420018.53
"UTTAR PRADESH","SONBHADRA",109,646.85,2397,6719.88,534,2374,1488,5767.79,0,0,50,87.75,249,127.36,4827,15723.63
"UTTAR PRADESH","SULTANPUR",1266,5565.85,132831,508245.09,103,898.61,2712,10661.32,8,20,11,59.95,2050,1123.19,138981,526574.01
"UTTAR PRADESH","UNNAO",316,1190.5,70282,352013.74,147,556.75,363,1036.76,1,2,1,2,840,838,71950,355639.75
"UTTAR PRADESH","VARANASI",1196,8749.75,9721,58204.33,134,2127.33,2535,15922.42,8,57.65,21,116.55,45,46,13660,85224.03
"UTTARAKHAND","CHAMPAWAT",430,3390.3,210,202.15,0,0,0,0,0,0,0,0,0,0,640,3592.45
"UTTARAKHAND","DEHRA DUN",135,2887.5,70,740,0,0,0,0,0,0,0,0,0,0,205,3627.5
"UTTARAKHAND","HARIDWAR",485,4720.91,24057,99980.8,272,1508.88,438,2720.63,0,0,0,0,10,0,25262,108931.22
"UTTARAKHAND","NAINITAL",277,3108.2,200,4074.4,0,0,1,30,0,0,0,0,0,0,478,7212.6
"UTTARAKHAND","UDHAM SINGH NAGAR",120,760.86,24468,141239.83,295,1537.26,2,24,1,12,0,0,29,84,24915,143657.95
"WEST BENGAL","BANKURA",171,313.1,16792,51129.3,32,247.4,173,398,5,24.23,0,0,413,8.5,17586,52120.53
"WEST BENGAL","BARDDHAMAN",677,5430.06,31620,160172.6,178,2598.64,106,578.89,1,2.01,6,10,1335,373.37,33923,169165.57
"WEST BENGAL","BIRBHUM",68,328.41,10182,42914.93,27,201.27,108,401.8,5,6.83,1,3.5,588,14.09,10979,43870.83
"WEST BENGAL","DAKSHIN DINAJPUR",64,176.03,21892,58486.57,26,216.29,1510,4636.42,4,16.4,12,5.4,403,24.8,23911,63561.91
"WEST BENGAL","DARJEELING",9,24.5,766,2937.81,7,16.5,65,137.97,0,0,10,36.18,178,4.49,1035,3157.45
"WEST BENGAL","HAORA",10,35.81,157,1192.99,40,514.82,340,1498.64,0,0,0,0,23,28,570,3270.26
"WEST BENGAL","HOOGHLY",310,2286.86,14210,95803.44,0,0,603,3509.2,0,0,0,0,407,14.52,15530,101614.02
"WEST BENGAL","JALPAIGURI",166,585.05,3498,7866,32,141.01,2297,8656,7,23.5,41,758,1213,19.1,7254,18048.66
"WEST BENGAL","KOCH BEHAR",55,117.52,35228,61211.62,31,296.51,5165,11921.4,1,2,2,7.11,737,22.77,41219,73578.93
"WEST BENGAL","MALDA",824,2866.22,22990,83656.68,163,1339.36,1523,5538.66,5,10.56,8,7.9,190,172.96,25703,93592.34
"WEST BENGAL","MURSHIDABAD",1323,3188.38,50440,118548.39,369,603.69,13192,29325.15,9,13.01,381,728.47,2363,1163.43,68077,153570.52
"WEST BENGAL","NADIA",1057,2770.76,83947,207555.61,140,1280.68,8359,21897.73,9,17.66,5,9.12,830,86.52,94347,233618.08
"WEST BENGAL","NORTH 24 PARGANAS",671,2150.25,48243,106604.79,69,541.95,2394,4696.24,16,44.11,1,0.67,664,260.48,52058,114298.49
"WEST BENGAL","PASHCHIM MIDNAPORE",876,5277.4,41572,188845.33,202,2838.43,3589,19495.71,6,25.96,55,465.9,1777,409.78,48077,217358.51
"WEST BENGAL","PURBA MIDNAPORE",209,1676.49,5225,34459.83,76,1242.89,4287,24978.08,4,24.96,6,20.4,295,1296.39,10102,63699.04
"WEST BENGAL","PURULIA",0,0,13,4.53,0,0,0,0,0,0,0,0,2,0,15,4.53
"WEST BENGAL","SOUTH 24 PARGANAS",240,411.02,6313,13694.29,8,140.4,94,383.28,2,1.69,0,0,214,1991.8,6871,16622.48
"WEST BENGAL","UTTAR DINAJPUR",314,1468.62,41857,154710.56,67,625.34,1729,3286.5,9,28.9,146,1684.53,397,27.6,44519,161832.05
