"STATE","DISTRICT","OPEN WATER CHANNEL (LINED/PUCCA) - NUMBER","OPEN WATER CHANNEL (LINED/PUCCA) - POTENTIAL UTILISED","OPEN WATER CHANNEL (UNLINED/KUTCHA) - NUMBER","OPEN WATER CHANNEL (UNLINED/KUTCHA) - POTENTIAL UTILISED","UNDERGROUND PIPE - NUMBER","UNDERGROUND PIPE - POTENTIAL UTILISED","SURFACE PIPE - NUMBER","SURFACE PIPE - POTENTIAL UTILISED","DRIP - NUMBER","DRIP - POTENTIAL UTILISED","SPRINKLER - NUMBER","SPRINKLER - POTENTIAL UTILISED","OTHERS - NUMBER","OTHERS - POTENTIAL UTILISED","TOTAL - NUMBER","TOTAL - POTENTIAL UTILISED"
"ANDAMAN & NICOBARS","ANDAMAN",0,0,0,0,1,1,85,82.6,0,0,0,0,546,464.19,632,547.79
"ANDAMAN & NICOBARS","N & M ANDA",41,22.35,107,76.79,0,0,101,53.14,0,0,0,0,381,154.69,630,306.97
"ANDAMAN & NICOBARS","NICOBAR",0,0,0,0,0,0,0,0,0,0,0,0,21,7.5,21,7.5
"ANDHRA PRADESH","ADILABAD",1073,821.44,15330,12975.39,11063,13616.48,512,409.77,760,1009.31,0,0,8,14.4,28746,28846.79
"ANDHRA PRADESH","ANANTHAPUR",7081,4747.05,17993,4169.32,11603,8117.44,766,719.78,563,612.81,139,163.08,471,129.98,38616,18659.46
"ANDHRA PRADESH","CHITTOOR",6852,3004.32,79008,45775.08,4785,4690.64,107,149.64,42,28.36,0,0,307,13.23,91101,53661.27
"ANDHRA PRADESH","CUDDAPAH",6197,1126.23,25328,7009.76,3701,749.35,309,279.31,20,15.81,0,0,1154,2.02,36709,9182.48
"ANDHRA PRADESH","EAST GODAVARI",61,3.09,1176,1615.24,25,37.33,28,48.35,2,4.86,0,0,0,0,1292,1708.87
"ANDHRA PRADESH","GUNTUR",817,597.39,11677,9202.21,316,166.28,50,1.62,6,10.62,0,0,5689,1679.62,18555,11657.74
"ANDHRA PRADESH","KARIMNAGAR",28022,35691.6,160967,180469.27,19271,24022.58,1479,1405.25,7,10.08,1,0.4,135,74.35,209882,241673.53
"ANDHRA PRADESH","KHAMMAM",1964,1989.04,34917,41496.23,2911,4283.43,2492,3633.78,11,16.59,0,0,238,12.38,42533,51431.45
"ANDHRA PRADESH","KRISHNA",2310,3828.33,7877,7209.16,377,647.15,1367,1357.72,28,39.31,5,0,1,0,11965,13081.67
"ANDHRA PRADESH","KURNOOL",3547,5747.01,16536,27468.52,6249,8592.78,2745,4245.25,160,178.2,15,19.08,151,149.12,29403,46399.96
"ANDHRA PRADESH","MAHABOOBNAGAR",11142,9104.87,35729,23759.39,8223,4888.13,3221,3490.61,152,96.02,74,21.96,9852,11.69,68393,41372.67
"ANDHRA PRADESH","MEDAK",707,882.31,20957,13474.42,3853,3852.97,637,716.22,465,952.3,13,13.91,15,14.19,26647,19906.32
"ANDHRA PRADESH","NALGONDA",6716,5863.79,30348,33123.86,20106,19429.85,4386,4492.73,60,69.68,9,0.36,369,185.27,61994,63165.54
"ANDHRA PRADESH","NELLORE",1784,1238.11,28018,25395.8,1049,1499.74,249,279.95,64,84.96,6,7.29,20,0,31190,28505.85
"ANDHRA PRADESH","NIZAMABAD",164,76.42,3878,4920.55,1236,1434.39,1942,1667.95,0,0,0,0,0,0,7220,8099.31
"ANDHRA PRADESH","PRAKASAM",459,238.55,14366,9198.64,206,147.52,1097,1195.36,32,31.65,5,9.31,1003,33.64,17168,10854.67
"ANDHRA PRADESH","RANGAREDDY",3231,1309.81,19316,12225.19,3325,1838.78,474,273.1,624,11.8,10,11.87,65,14.06,27045,15684.61
"ANDHRA PRADESH","SRIKAKULAM",1164,265.29,34455,11322.19,95,34.04,429,286.56,22,13.33,48,37.62,163,58.73,36376,12017.76
"ANDHRA PRADESH","VISAKHAPATNAM",1991,700.4,22456,16051.51,458,386,270,247.82,17,9.1,1,0.4,346,125.49,25539,17520.72
"ANDHRA PRADESH","VIZIANAGARAM",745,393.36,32303,16292.1,165,179.94,1637,1130.13,20,19.63,10,7.33,200,149.06,35080,18171.55
"ANDHRA PRADESH","WARANGAL",15888,16548.81,108951,113687.79,16598,15034.57,4929,6267.62,2245,1240.59,4,4.92,9222,6736.33,157837,159520.63
"ANDHRA PRADESH","WEST GODAVARI",1747,5596.85,1562,5629.81,182,418.87,0,0,0,0,0,0,132,189.24,3623,11834.77
"ARUNACHAL PRADESH","CHANGLANG",0,0,0,0,0,0,0,0,0,0,0,0,1,0,1,0
"ARUNACHAL PRADESH","LOHIT",1,0,2,0,0,0,0,0,0,0,0,0,9,0,12,0
"ASSAM","BAKSA",0,0,0,0,0,0,0,0,0,0,0,0,3,3,3,3
"ASSAM","BONGAIGAON",0,0,19,24.6,0,0,0,0,0,0,0,0,0,0,19,24.6
"ASSAM","CHIRANG",0,0,2,2,0,0,0,0,0,0,0,0,1,0,3,2
"ASSAM","DHEMAJI",0,0,0,0,0,0,0,0,0,0,0,0,1,0,1,0
"ASSAM","JORHAT",2,2,3,5,1,33,0,0,0,0,0,0,11,4,17,44
"ASSAM","KAMRUP ( RURAL )",0,0,11,20.7,1,30,0,0,0,0,0,0,44,43,56,93.7
"ASSAM","KAMRUP METRO",0,0,38,40,0,0,0,0,0,0,0,0,1,3,39,43
"ASSAM","KOKRAJHAR",0,0,9,23,1,3,0,0,0,0,0,0,1,0,11,26
"ASSAM","NAGOAN",0,0,1,1.5,0,0,0,0,0,0,0,0,0,0,1,1.5
"ASSAM","NALBARI",0,0,0,0,0,0,0,0,0,0,0,0,1,0,1,0
"ASSAM","UDALGURI",0,0,1,102,0,0,0,0,0,0,0,0,1,0,2,102
"BIHAR","ARARIA",0,0,2,3.6,0,0,43,77.4,0,0,0,0,34,61.2,79,142.2
"BIHAR","AURANGABAD",111,190.8,2472,4282.2,19,30.6,548,981,1,1.8,2,1.8,499,181.8,3652,5670
"BIHAR","BANKA",40,68.4,1041,1848.6,11,18,1680,3024,112,199.8,0,0,10,18,2894,5176.8
"BIHAR","BEGUSARAI",8,12.6,160,180,5,3.6,127,153,2,1.8,0,0,209,372.6,511,723.6
"BIHAR","BHAGALPUR",4,7.2,25,45,0,0,84,151.2,0,0,0,0,0,0,113,203.4
"BIHAR","BHOJPUR",9,5.4,1063,817.2,6,10.8,372,572.4,5,1.8,0,0,15,1.8,1470,1409.4
"BIHAR","BUXAR",19,27,229,376.2,0,0,1168,2102.4,5,7.2,0,0,0,0,1421,2512.8
"BIHAR","DARBHANGA",1,0,5,9,0,0,110,194.4,0,0,0,0,0,0,116,203.4
"BIHAR","EAST CHAMPARAN",59,95.4,107,169.2,4,5.4,372,667.8,3,1.8,0,0,1,0,546,939.6
"BIHAR","GAYA",343,477,3261,4188.6,51,54,1968,3475.8,77,97.2,1,1.8,52,93.6,5753,8388
"BIHAR","GOPAALGANJ",83,18,1098,172.8,16,18,205,320.4,2,1.8,8,3.6,976,151.2,2388,685.8
"BIHAR","JAMUI",265,415.8,3949,4872.6,38,68.4,364,428.4,182,266.4,2,0,1215,2003.4,6015,8055
"BIHAR","JEHANABAD",0,0,74,79.2,0,0,99,165.6,0,0,0,0,21,12.6,194,257.4
"BIHAR","KAIMUR (BHABUA)",110,129.6,1533,2217.6,147,201.6,3549,5506.2,88,133.2,5,1.8,666,873,6098,9063
"BIHAR","KATIHAR",1,1.8,86,153,0,0,2,3.6,0,0,0,0,4,5.4,93,163.8
"BIHAR","KHAGARIA",0,0,12,21.6,1,1.8,162,286.2,0,0,0,0,248,446.4,423,756
"BIHAR","KISHANGANJ",0,0,22,32.4,0,0,0,0,0,0,0,0,2,3.6,24,36
"BIHAR","LAKHISARAI",2,3.6,105,109.8,0,0,157,273.6,1,0,0,0,7,9,272,396
"BIHAR","MADHEPURA",0,0,116,93.6,0,0,12,18,0,0,0,0,6,9,134,120.6
"BIHAR","MADHUBANI",17,28.8,52,84.6,2,1.8,180,320.4,0,0,0,0,1,1.8,252,437.4
"BIHAR","MUNGER",130,205.2,829,1200.6,15,25.2,1011,1701,31,43.2,7,3.6,256,302.4,2279,3481.2
"BIHAR","MUZAFFARPUR",7,12.6,32,52.2,2,1.8,166,291.6,1,1.8,1,1.8,0,0,209,361.8
"BIHAR","NALANDA",798,1355.4,2727,4165.2,197,221.4,4791,8281.8,66,66.6,6,5.4,668,473.4,9253,14569.2
"BIHAR","NAWADA",45,64.8,1640,2415.6,57,84.6,302,466.2,9,3.6,16,9,106,136.8,2175,3180.6
"BIHAR","PATNA",132,108,1316,1728,93,118.8,1246,1530,5,3.6,4,1.8,389,428.4,3185,3918.6
"BIHAR","PURNIA",4,5.4,53,86.4,0,0,33,59.4,0,0,0,0,8,3.6,98,154.8
"BIHAR","ROHTAS(SASARAM)",13,12.6,691,777.6,30,25.2,313,334.8,12,0,0,0,162,133.2,1221,1283.4
"BIHAR","SAHARSA",0,0,16,27,0,0,29,50.4,0,0,0,0,20,36,65,113.4
"BIHAR","SAMASTIPUR",1,0,48,79.2,2,3.6,84,145.8,0,0,0,0,7,12.6,142,241.2
"BIHAR","SARAN",4,1.8,515,576,6,10.8,224,378,5,5.4,6,3.6,514,320.4,1274,1296
"BIHAR","SHEKHPURA",0,0,16,25.2,0,0,168,295.2,0,0,1,1.8,10,0,195,322.2
"BIHAR","SHEOHAR",5,9,153,257.4,0,0,73,124.2,0,0,0,0,30,7.2,261,397.8
"BIHAR","SITAMARHI",4,3.6,145,252,0,0,44,77.4,0,0,0,0,38,30.6,231,363.6
"BIHAR","SIWAN",81,55.8,897,406.8,8,9,435,712.8,5,7.2,21,0,511,212.4,1958,1404
"BIHAR","SUPAUL",0,0,6,10.8,0,0,29,52.2,0,0,0,0,0,0,35,63
"BIHAR","VAISHALI",5,0,65,91.8,26,43.2,887,1594.8,0,0,0,0,40,16.2,1023,1746
"BIHAR","WEST CHAMPARAN",0,0,35,59.4,0,0,23,37.8,1,0,0,0,1,1.8,60,99
"CHHATISGARH","BASTER",598,167.11,3105,3172.23,57,58.44,154,143.13,25,35.36,8,8.71,35,29.51,3982,3614.49
"CHHATISGARH","BIJAPUR",63,706,555,1862.98,30,260.04,11,148.34,9,57.21,4,46,14,28.38,686,3108.95
"CHHATISGARH","BILASPUR",6530,884.27,4620,3907.93,189,478.65,403,1441.25,19,45.79,3,5.46,67,120.19,11831,6883.54
"CHHATISGARH","DANTEWADA",162,2.4,27,19.35,0,0,3,3.48,0,0,0,0,10,3.87,202,29.1
"CHHATISGARH","DHAMTARI",280,348.63,5166,3836.82,10,17.05,221,541.28,2,1.05,87,37.54,574,451.36,6340,5233.73
"CHHATISGARH","DURG",1644,880.12,5451,5956.29,207,739.07,1393,4219.98,29,164.88,544,2333.82,642,206.78,9910,14500.94
"CHHATISGARH","JANJGIR-CHAMPA",2675,1016.47,11904,14121.66,59,26.84,367,435.33,26,128.44,6,1.4,50,64.43,15087,15794.57
"CHHATISGARH","JASHPUR",22186,367456.61,6277,5722.83,15,3.04,18,397.59,46,21.2,0,0,380,126.5,28922,373727.77
"CHHATISGARH","KANKER",315,378.96,6987,6442.75,28,57.33,207,392.6,3,0.2,4,7.72,180,66.07,7724,7345.63
"CHHATISGARH","KAWARDHA",797,1660.88,450,1650.08,35,208.39,186,633.95,4,22.16,500,1864.75,46,100.79,2018,6141
"CHHATISGARH","KORBA",70,897.08,7603,29591.58,37,764.65,64,88.87,4,0.91,33,374.13,67,288.75,7878,32005.97
"CHHATISGARH","KORIA",342,52.61,18667,53364.24,1,4,136,120.71,0,0,2,1.27,202,30.8,19350,53573.63
"CHHATISGARH","MAHASAMUND",568,1504.84,4796,6716.65,123,242.19,145,418.48,2,1.96,14,48.71,165,324.9,5813,9257.73
"CHHATISGARH","NARAYANPUR",33,132.06,470,1377.91,0,0,3,3.06,0,0,0,0,1,0,507,1513.03
"CHHATISGARH","RAIGARH",5029,291.63,15586,5230.44,119,183.94,335,921.4,19,0.8,1,2.86,112,45.8,21201,6676.87
"CHHATISGARH","RAIPUR",4130,1678.77,11900,35167.31,243,373.84,834,2187.46,79,433.51,148,574.45,898,1257.67,18232,41673.01
"CHHATISGARH","RAJNANDGAON",1649,1573.37,3896,3781.03,153,212.17,1662,4756.12,20,67.41,403,1519.23,793,198.51,8576,12107.84
"CHHATISGARH","SURGUJA",11546,1168.77,49715,12605.99,308,372.42,998,649.89,42,9.16,2,0.7,203,48.77,62814,14855.7
"DADRA & NAGAR HAVELI","DADRA & NAGAR HAVELI",84,146.47,249,286.43,34,175.86,185,673.34,0,0,0,0,1,0,553,1282.1
"DELHI","ALIPUR",0,0,1,7,0,0,0,0,0,0,0,0,0,0,1,7
"DELHI","NANGLOI",0,0,1,1,0,0,0,0,0,0,0,0,0,0,1,1
"GOA","NORTH GOA",270,172.11,862,733.42,9,16.62,325,329.48,19,25.1,552,718.75,898,181.8,2935,2177.28
"GOA","SOUTH GOA",417,1162.32,275,251.09,13,22.95,126,192.33,27,34.3,220,181.03,258,644.5,1336,2488.52
"GUJARAT","AHMEDABAD",66,39,11215,7177.63,189,881.13,642,644.3,12,10.3,52,57.46,133,946.96,12309,9756.78
"GUJARAT","AMRELI",854,1867.29,61874,138705.26,1810,4235.86,2338,5617.4,34,57.69,140,239.72,1546,1901.34,68596,152624.56
"GUJARAT","ANAND",70,381.75,100,586.23,1077,6936.32,99,618.32,1,6.44,0,0,414,0,1761,8529.06
"GUJARAT","BANASKANTHA",7891,36423.84,6751,41644,1562,6893.45,990,2698.72,4,6,13,0.6,2,7.52,17213,87674.13
"GUJARAT","BHARUCH",48,430.57,708,7312.78,286,1765.64,951,6089.88,4,33.45,40,63.38,0,0,2037,15695.7
"GUJARAT","BHAVNAGAR",4014,10101.85,74474,208630.36,43,254.18,5510,9988.9,33,60.54,4,8.85,14,50.6,84092,229095.28
"GUJARAT","DAHOD",325,30.35,24010,41691.96,228,3,11185,27550.1,181,14.85,3,0,100,9.9,36032,69300.16
"GUJARAT","DANG",0,0,131,346.4,4,3.91,1381,1453.34,0,0,0,0,0,0,1516,1803.65
"GUJARAT","GANDHINAGAR",1,0,32,0,1817,8176.5,2,9,0,0,0,0,0,0,1852,8185.5
"GUJARAT","JAMNAGAR",86834,126303.69,7301,22999.89,2637,9412.53,259,763.14,4,9.72,10,121.46,336,954.35,97381,160564.78
"GUJARAT","JUNAGADH",4812,6981.96,132387,165918.09,352,514.73,49,157.74,37,33.41,9,11,34,22.5,137680,173639.43
"GUJARAT","KACHCHH",518,1553.91,5745,12055.1,1576,2568.13,417,827.74,18,32.1,3,4.5,717,384.46,8994,17425.94
"GUJARAT","KHEDA",360,863.03,8877,20697.95,2637,9493.48,6128,14108.2,4,10.19,63,13.07,21,38.49,18090,45224.41
"GUJARAT","MEHSANA",7,11.54,977,871.84,2676,7941.28,169,361.95,0,0,0,0,79,7.39,3908,9194
"GUJARAT","NARMADA",41,158.33,1078,3057.86,80,158.09,2570,8438.25,10,35.47,0,0,0,0,3779,11848
"GUJARAT","NAVSARI",16,16.63,11902,16797.62,757,630.76,831,369.34,4,4.74,2,0,261,40.47,13773,17859.56
"GUJARAT","PANCHMAHAL",5148,12379.25,31836,50494.17,1320,1776.95,2094,3946.37,113,96.98,0,0,9,7.45,40520,68701.17
"GUJARAT","PATAN",0,0,1,6.3,2,14.7,0,0,0,0,0,0,0,0,3,21
"GUJARAT","PORBANDAR",49,68.41,25856,43654,1,3.08,14,14.57,5,4.23,48,97.93,677,0.15,26650,43842.37
"GUJARAT","RAJKOT",2756,3749.58,130496,256390.4,4644,11381.28,4422,9330.06,277,456.37,13,10.17,129,18.55,142737,281336.41
"GUJARAT","SABARKANTHA",803,1115.6,64890,136954.53,4704,10239.42,227,504.88,66,91.1,247,559.7,797,1460.19,71734,150925.42
"GUJARAT","SURAT",30956,44265.18,791,704.15,1,2.5,580,650.87,1,3.12,0,0,11,10.68,32340,45636.5
"GUJARAT","SURENDRANAGAR",318,691.66,27581,71419.45,3602,7653.96,310,1251.3,189,497.23,27,68.48,2236,1503.45,34263,83085.53
"GUJARAT","VADODARA",1148,3427.81,6278,14041.91,3530,11633.95,3649,8026.11,26,80.27,5,6.11,6293,11283.28,20929,48499.44
"GUJARAT","VALSAD",200,348.58,3989,5525.69,2868,2568.28,4231,6162.98,2,1.08,0,0,1,0.02,11291,14606.63
"HARYANA","BHIWANI",362,1638.64,76,178.24,0,0,0,0,0,0,0,0,0,0,438,1816.88
"HARYANA","GURGAON",248,269.06,62,123.6,0,0,0,0,0,0,0,0,0,0,310,392.66
"HARYANA","JHAJJAR",136,234.66,233,702.64,0,0,0,0,0,0,0,0,0,0,369,937.3
"HARYANA","KARNAL",356,2142.82,23,235.8,0,0,0,0,0,0,0,0,0,0,379,2378.62
"HARYANA","MAHENDRAGARH",19,45.82,24,94.14,0,0,0,0,0,0,0,0,0,0,43,139.96
"HARYANA","MEWAT",414,1061.92,128,317.5,0,0,0,0,0,0,0,0,0,0,542,1379.42
"HARYANA","REWARI",99,514.92,105,441.32,0,0,0,0,0,0,0,0,0,0,204,956.24
"HIMACHAL PRADESH","Bilaspur",8,27.68,66,386.61,15,36.26,7,11.1,0,0,0,0,1,4.8,97,466.45
"HIMACHAL PRADESH","Hamirpur",10,9.92,86,81.77,5,6.46,39,33,0,0,1,0.06,10,3.99,151,135.2
"HIMACHAL PRADESH","Kangra",20,195.46,72,261.99,2,63.3,24,43.92,0,0,0,0,19,2.44,137,567.11
"HIMACHAL PRADESH","Kullu",0,0,0,0,0,0,0,0,0,0,0,0,1,40,1,40
"HIMACHAL PRADESH","Mandi",1,1.6,4,12.4,0,0,2,0,0,0,0,0,0,0,7,14
"HIMACHAL PRADESH","Sirmaur",4,9.74,98,450.81,6,373.23,301,1125.77,0,0,0,0,9,4.6,418,1964.15
"HIMACHAL PRADESH","Solan",28,112.88,421,2203.12,3,32.9,4,4.82,1,2,1,1,0,0,458,2356.72
"HIMACHAL PRADESH","Una",2,1.75,34,58.86,2,51.6,0,0,0,0,0,0,3,0,41,112.21
"JAMMU & KASHMIR","DODA",0,0,2,77.6,0,0,0,0,0,0,0,0,0,0,2,77.6
"JAMMU & KASHMIR","JAMMU",43,1120.63,101,237.6,1,4,2,4,0,0,0,0,23,61.88,170,1428.11
"JAMMU & KASHMIR","KATHUA",50,101,848,1222.26,17,2,15,34,0,0,0,0,1,0,931,1359.26
"JAMMU & KASHMIR","RAJOURI",9,386,2,65,0,0,0,0,0,0,0,0,2,111,13,562
"JAMMU & KASHMIR","SRINAGAR",3,136,21,263,1,16,0,0,0,0,0,0,0,0,25,415
"JAMMU & KASHMIR","UDHAMPUR",18,248.7,5,69.22,0,0,0,0,1,21.02,0,0,1,0,25,338.94
"JHARKHAND","BOKARO",268,62.52,4122,1328.92,11,4.57,177,92.14,2,0.88,1,0,422,106.85,5003,1595.88
"JHARKHAND","CHATRA",385,185.5,12669,6029.22,11,4.5,33,15.8,6,2.9,2,0.9,60,52.8,13166,6291.62
"JHARKHAND","DEOGHAR",75,1.8,3265,5.4,19,0,2120,37.8,12,0,0,0,173,0,5664,45
"JHARKHAND","DHANBAD",71,25.6,2843,946.36,14,5.46,23,12.2,30,5.6,3,1.8,271,7.7,3255,1004.72
"JHARKHAND","DUMKA",398,716.4,26898,48416.4,0,0,0,0,0,0,0,0,0,0,27296,49132.8
"JHARKHAND","EAST SINGHBHUM",14,7.47,700,410.46,0,0,184,85.48,11,0,2,1,108,25.06,1019,529.47
"JHARKHAND","GARHWA",428,93.57,1792,361.83,98,22.71,274,109.59,2,0,1,1.8,27,7.2,2622,596.7
"JHARKHAND","GIRIDIH",174,66.46,6036,2305.61,1,0.37,3,1.11,0,0,0,0,6,2.85,6220,2376.4
"JHARKHAND","GODDA",80,118.8,3832,6800.4,11,19.8,607,1085.4,2,3.6,0,0,1,0,4533,8028
"JHARKHAND","GUMLA",1678,0,9099,1.81,4,0,14,0,0,0,0,0,11,0,10806,1.81
"JHARKHAND","HAZARIBAGH",10,0.45,1972,1312.15,0,0,2,0,0,0,0,0,3,1.15,1987,1313.75
"JHARKHAND","JAMTARA",312,325.17,4577,4050.84,24,24.2,14,6.68,1,1.8,1,1.8,8,13.6,4937,4424.09
"JHARKHAND","KHUNTI",183,99.6,5923,3645.98,18,1.69,199,45.34,5,2.3,11,4.06,124,118.23,6463,3917.2
"JHARKHAND","KODERMA",759,1093.62,2216,2175.75,40,21.84,230,250.9,5,3.6,9,4.11,103,78.39,3362,3628.21
"JHARKHAND","LATEHAR",246,424.27,3627,5959.43,17,22.11,144,247.15,4,7.2,2,3.6,191,324.84,4231,6988.6
"JHARKHAND","LOHARDAGA",261,174.88,3872,2087.34,9,6.36,168,53.84,0,0,3,0.98,33,32.43,4346,2355.83
"JHARKHAND","PAKUR",549,841.21,817,565.65,3,0,48,19.3,11,3.3,1,0,31,17.5,1460,1446.96
"JHARKHAND","PALAMU",116,172.6,7506,11988.53,47,72.3,24,27.9,13,12.6,0,0,9,7.2,7715,12281.13
"JHARKHAND","RAMGARH",58,0,4231,1246.29,0,0,1,0.4,0,0,0,0,0,0,4290,1246.69
"JHARKHAND","RANCHI",1769,1808.78,11640,8973.62,89,48.44,315,272.59,12,7.01,3,3.47,90,45.99,13918,11159.9
"JHARKHAND","SAHEBGANJ",8,12.8,1419,1099.11,0,0,24,15.4,0,0,0,0,25,25.8,1476,1153.11
"JHARKHAND","SARAIKELA",26,10.23,1511,857.91,8,5.32,13,8.51,3,1.55,27,12.87,86,63.92,1674,960.31
"JHARKHAND","SIMDEGA",119,74.39,3269,2061.57,12,7.66,15,12.69,2,1,1,0,90,43.84,3508,2201.15
"JHARKHAND","WEST SINGHBHUM",31,41.4,932,1207.74,0,0,1,1.8,0,0,0,0,2,1.8,966,1252.74
"KARNATAKA","Bagalkote",2345,4577.72,1330,2278.34,4707,10508.58,351,883.42,5,25.84,7,17.36,96,11.45,8841,18302.71
"KARNATAKA","Bangalore",5,6.7,3,2.02,8,10.49,0,0,0,0,0,0,27,0,43,19.21
"KARNATAKA","Bangalore Rural",366,334.91,244,213.23,1603,1439.29,28,20.12,27,36.43,19,30,961,10.6,3248,2084.58
"KARNATAKA","Belgaum",15297,35458.55,12436,20992.5,24258,41801.68,2246,4247.06,121,242.03,541,1285.01,1935,242.36,56834,104269.19
"KARNATAKA","Bellary",456,1193.66,75,144.55,337,923.26,37,125.9,0,0,0,0,327,338.88,1232,2726.25
"KARNATAKA","Bidar",1743,2348.3,6912,8455.68,2706,3871.34,193,279.12,69,62.62,1,0.81,101,94.17,11725,15112.04
"KARNATAKA","Bijapur",11343,24701.42,6915,16848.19,12713,30876.16,3988,13888.94,777,1610.55,30,64.5,213,141,35979,88130.76
"KARNATAKA","Chamaraja Nagara",1895,2984.01,645,1377.22,376,733.53,69,105.05,4,23.3,5,33.56,164,0.66,3158,5257.33
"KARNATAKA","Chikmagalur",9,13.41,3,1.63,110,113.26,128,135,125,104.86,27,38.56,24,0,426,406.72
"KARNATAKA","Chitradurga",450,713.87,324,497.21,400,692.05,12,12.23,75,120.54,6,17.2,117,0,1384,2053.1
"KARNATAKA","Dakshina Kannada",1794,2329.77,2707,2960.25,3761,5349.03,5456,4643.71,1790,1954.29,8870,9511.93,1705,1343.84,26083,28092.82
"KARNATAKA","Davanagere",0,0,8,3.32,25,11.64,5,1.89,4,1.92,0,0,0,0,42,18.77
"KARNATAKA","Dharwar",0,0,3,5.69,12,8.35,8,6.82,0,0,0,0,1,0,24,20.86
"KARNATAKA","Gadag",19,39.49,17,36.93,29,76.93,4,13.56,0,0,0,0,56,153.28,125,320.19
"KARNATAKA","Gulbarga",3428,5904.17,4804,7791.95,5214,9074.45,1107,1920.98,11,17.04,12,14.33,5076,542.8,19652,25265.72
"KARNATAKA","Hassan",174,389.65,85,162.8,283,404.3,356,830.93,3,5.92,1,1.21,50,2.02,952,1796.83
"KARNATAKA","Haveri",1,0,1,0,3,6.31,2,1.93,0,0,0,0,149,0,156,8.24
"KARNATAKA","Kodagu",0,0,0,0,1,1.16,0,0,0,0,0,0,0,0,1,1.16
"KARNATAKA","Kolar",225,239.17,108,126.01,251,262.5,19,24.66,13,19.45,1,0.6,577,22.61,1194,695
"KARNATAKA","Koppal",137,334.52,203,319.66,155,301.43,41,53.97,11,14.52,1,1.87,1263,0.76,1811,1026.73
"KARNATAKA","Mandya",553,430.76,666,488.76,1487,1612.5,262,199.49,6,6.56,1,0.12,144,28.39,3119,2766.58
"KARNATAKA","Mysore",117,186.25,108,144.98,330,662.17,74,109.22,2,1.91,2,17.2,29,18.07,662,1139.8
"KARNATAKA","Raichur",34,59.32,791,1027.37,1002,2120.58,2046,2931.49,7,16.71,1,7.19,126,0,4007,6162.66
"KARNATAKA","Shimoga",427,345.59,642,524.12,705,684.11,1667,1551.54,964,964.56,1766,1671.94,56,32.22,6227,5774.08
"KARNATAKA","Tumkur",1805,1900.36,1156,1183.39,917,1187.86,62,62.56,28,42.24,15,16.89,5200,51.97,9183,4445.27
"KARNATAKA","Udupi",6871,5020.46,4491,3536.8,6817,5924.94,6677,4474.92,720,853.34,1583,2016.62,568,357.42,27727,22184.5
"KARNATAKA","Uttara Kannada",1519,838.3,4096,1351.23,7118,3444.44,5800,2660.52,946,759.8,612,519.16,549,72.02,20640,9645.47
"KERALA","ALAPPUZHA",5,0.67,891,347.35,0,0,2873,1259.79,54,26.59,1,0.25,836,284.8,4660,1919.45
"KERALA","ERANAKULAM",1201,927.86,12394,6014.99,193,155.61,4686,2043.14,14,12.04,61,44.62,297,52.16,18846,9250.42
"KERALA","IDDUKKI",184,439.2,599,698.85,26,25.66,2603,2803.67,120,130.98,312,292.58,1513,1950.75,5357,6341.69
"KERALA","KANNUR",454,198.14,1051,416.86,1722,3176.55,14419,11279.34,296,1672.39,543,843.1,529,366.68,19014,17953.06
"KERALA","KASARAGODE",953,1761.49,1463,2084.16,1276,1775,2074,2548.69,359,371.34,1145,1383.5,743,643.84,8013,10568.02
"KERALA","KOLLAM",150,27.28,1295,356.19,2433,523.38,2136,1793.33,15,28.17,17,8.69,1563,274.68,7609,3011.72
"KERALA","KOTTAYAM",159,126.89,1158,428.02,203,103.68,3907,2584.65,20,9.54,7,6.73,639,127.67,6093,3387.18
"KERALA","KOZHIKODE",285,113.89,865,367.97,480,266.7,6605,2876.63,14,9.01,2,1.66,743,274.32,8994,3910.18
"KERALA","MALAPPURAM",2951,1515.24,7483,4516.97,306,209.07,2660,1224.14,15,8.52,28,37.94,67,22.54,13510,7534.42
"KERALA","PALAKKAD",1958,3223.71,6288,9129.8,247,672.39,990,1796,20,12.51,19,34.1,170,90.36,9692,14958.87
"KERALA","PATHANAMTHITTA",176,76.55,1051,391.68,1620,521.82,1980,584.82,118,37.18,77,19.04,2491,519.52,7513,2150.61
"KERALA","THIRUVANANTHAPURAM",261,66.61,265,111.55,1659,607.67,3166,1726.98,15,6.26,11,6.13,1184,273.29,6561,2798.49
"KERALA","THRISSUR",4475,1632.63,28257,10962.54,1737,759.89,11515,3739.42,20,9.84,45,16.99,72,9.84,46121,17131.15
"KERALA","WAYANAD",13,79.61,262,453.9,10,9.25,391,380.42,0,0,31,42.9,136,180.89,843,1146.97
"MADHYA PRADESH","ANUPPUR",411,18.53,1633,964.35,106,129.02,556,563.76,7,6.77,7,8.33,131,8.37,2851,1699.13
"MADHYA PRADESH","Ashok Nagar",81,230.19,4016,14883.94,56,300.91,3472,14775.23,9,131.7,1,6.81,36,83.41,7671,30412.19
"MADHYA PRADESH","BALAGHAT",211,590.39,7524,21362.74,589,1820.79,1999,4879.23,10,15.32,2,2.14,84,92.22,10419,28762.83
"MADHYA PRADESH","BARWANI",173,265.32,17265,23361.07,3474,5619.58,2028,3315.76,0,0,43,111.18,0,0,22983,32672.91
"MADHYA PRADESH","BETUL",3280,12162.76,33873,70557.69,1868,3395.6,15035,34572.8,285,320.38,400,911.97,2598,79.03,57339,122000.23
"MADHYA PRADESH","BHIND",70,263.05,687,3333.76,51,218.66,5453,25314.25,1,2.5,3,17,3186,387.99,9451,29537.21
"MADHYA PRADESH","BHOPAL",44,102.29,219,614.1,992,2825.73,9483,26770.97,1,4.3,0,0,4,11.62,10743,30329.01
"MADHYA PRADESH","BURHANPUR",733,1371.89,14652,37573.33,824,2029.81,299,879.2,616,1520.27,2,8,0,0,17126,43382.5
"MADHYA PRADESH","CHHATARPUR",321,2058.66,8807,50181.29,133,815.56,2896,18658.07,17,118.5,0,0,0,0,12174,71832.08
"MADHYA PRADESH","CHHINDWARA",1587,2426.88,36392,55084.45,11566,19281.65,24229,40976.07,86,126.75,137,262.01,6002,67.72,79999,118225.53
"MADHYA PRADESH","DAMOH",510,852.09,590,1122.21,541,1256.25,13913,29987.59,11,20.02,862,2440.56,0,0,16427,35678.72
"MADHYA PRADESH","DATIA",1572,9518.76,4840,19396.39,245,1121.8,13957,43027.02,21,131.12,0,0,2429,0,23064,73195.09
"MADHYA PRADESH","DEWAS",1521,2080.53,4173,8371.69,5202,11445.43,20889,46867.73,93,136.35,7,14.99,2020,9.28,33905,68926
"MADHYA PRADESH","DHAR",1628,5083.5,31168,78512.77,6503,16819.81,7914,41679.49,114,547.01,16,39.03,2827,63.07,50170,142744.68
"MADHYA PRADESH","DINDORI",13,1,196,31.34,2,0,19,72,0,0,5,0,92,0,327,104.34
"MADHYA PRADESH","GUNA",324,915.49,19456,71301.31,1678,5038.94,5385,19255.78,14,51.41,29,74.56,61,154.39,26947,96791.88
"MADHYA PRADESH","GWALIOR",898,798.44,3021,5897.37,23,34.93,2470,7738.41,4,12.28,0,0,1437,2232.8,7853,16714.23
"MADHYA PRADESH","HARDA",127,325.42,5226,15228.76,809,2050.37,5889,17339.5,40,101.45,556,712.38,902,408.43,13549,36166.31
"MADHYA PRADESH","HOSHANGABAD",2821,6116.09,10200,22626.91,638,1522.66,7843,20962.71,15,31.17,341,869.6,45,90.85,21903,52219.99
"MADHYA PRADESH","INDORE",0,0,12,35.85,10,25.51,3,8.02,0,0,0,0,2,5.7,27,75.08
"MADHYA PRADESH","JABALPUR",145,289.31,269,655,137,174.03,2783,6986.93,4,6.88,6487,22562.92,2,4.66,9827,30679.73
"MADHYA PRADESH","JHABUA",522,523.48,5999,16330.65,2886,4952.45,12364,17180.87,47,96.89,15,43.07,70,48.39,21903,39175.8
"MADHYA PRADESH","KATNI",204,402.24,4323,8586.76,994,2589.94,6331,14566.18,11,35.35,6,11.8,163,105.69,12032,26297.96
"MADHYA PRADESH","KHANDWA",1266,2579.47,39821,94898.85,2278,6869.55,834,2325.4,40,151.5,7,34.12,2,4,44248,106862.89
"MADHYA PRADESH","KHARGONE",742,1586.63,53912,123809.43,7744,17796.38,1006,2394.05,69,244,49,142.13,58,4,63580,145976.62
"MADHYA PRADESH","MANDLA",138,173.8,1143,3950.82,178,322.09,760,1657.2,23,25.7,2,4.01,29,28.6,2273,6162.22
"MADHYA PRADESH","MANDSAUR",2539,3604.18,73624,123422.87,5440,10003.56,14744,26491.31,19,34.67,49,93.62,2165,1926.63,98580,165576.84
"MADHYA PRADESH","MORENA",1357,3864.89,5173,16997.19,300,799.46,13560,77244.62,125,607.25,2,2,445,569.32,20962,100084.73
"MADHYA PRADESH","NARSINGHPUR",180,430.61,705,1818.85,596,1554.18,4515,11936.85,257,785.55,17649,49615.67,153,6.08,24055,66147.79
"MADHYA PRADESH","NEEMUCH",1153,2106.64,31559,60070.04,6342,12371.68,9003,15132.8,7,9.6,58,151.88,3,4,48125,89846.64
"MADHYA PRADESH","PANNA",255,314.31,339,501.02,223,882.28,5783,11534.44,6,4.7,0,0,35,201.3,6641,13438.05
"MADHYA PRADESH","RAISEN",906,4996.8,42,105.18,83,218.49,7251,27589.67,21,54.46,1851,6750.18,10,23.16,10164,39737.94
"MADHYA PRADESH","RAJGARH",440,798.26,4549,5688.88,7924,20416.26,56597,121178.02,70,258.95,4,6.12,1330,18.36,70914,148364.85
"MADHYA PRADESH","RATLAM",2858,5398.42,13637,33609.09,4205,8876.78,25545,54992.12,23,40.91,2,1.3,601,18.88,46871,102937.5
"MADHYA PRADESH","REWA",841,2076.41,3463,8422.66,863,2350.19,7159,14616.97,10,21.56,2,3,92,2.86,12430,27493.65
"MADHYA PRADESH","SAGAR",80,178.94,2832,4879.2,2567,6030.72,53865,119776.28,69,126.52,923,4184.88,7,12.11,60343,135188.65
"MADHYA PRADESH","SATNA",397,791.65,4572,9298.37,1239,2542.32,10734,22216.25,27,17.57,34,141.73,777,24.9,17780,35032.79
"MADHYA PRADESH","SEHORE",2011,8730.56,366,1707.71,3015,12264.73,22244,101585.71,177,489.49,9,45,1369,1220.24,29191,126043.44
"MADHYA PRADESH","SEONI",519,553.32,4815,8360.06,1091,2581.32,8721,19124.99,66,117.07,1036,4171.55,1862,42.42,18110,34950.73
"MADHYA PRADESH","SHAHDOL",45,84.37,1020,1789.08,120,329.99,912,1420.21,0,0,1,8.98,4,3.12,2102,3635.75
"MADHYA PRADESH","SHAJAPUR",1822,1225.44,5825,5883.71,11530,23484.06,32487,37063.4,63,110.51,136,338.06,58,13.66,51921,68118.84
"MADHYA PRADESH","SHEOPUR",4,3.7,255,845.26,3,7.59,2125,6477.87,0,0,0,0,10,3,2397,7337.42
"MADHYA PRADESH","SHIVPURI",3027,5282.74,36523,69130.84,1024,2326.05,5682,14833.25,14,33.49,6,15.3,11,9.97,46287,91631.64
"MADHYA PRADESH","SIDHI",738,1532.08,7617,13387.29,753,1369.8,9274,15492.63,17,43.94,1,0.05,23,15.26,18423,31841.05
"MADHYA PRADESH","TIKAMGARH",1971,5636.91,33904,92301.04,980,2178.05,7500,19088.67,112,369.51,187,556.77,11,8.63,44665,120139.58
"MADHYA PRADESH","UJJAIN",293,280.7,212,131.62,24853,12666.51,13355,10151.7,6144,2777.33,0,0,4,0,44861,26007.86
"MADHYA PRADESH","UMARIA",221,238.58,1198,1820.05,85,139.07,1040,1593.03,2,4,1,1.3,16,0,2563,3796.03
"MADHYA PRADESH","VIDISHA",15,30.27,177,342.41,250,868.34,19736,66659.17,12,29.41,0,0,88,0,20278,67929.6
"MAHARASHTRA","AHMEDNAGAR",11213,31817.52,57329,97157.41,66643,151819.5,14400,21860.8,953,2984.62,30,39.32,26040,48224.87,176608,353904.04
"MAHARASHTRA","AKOLA",307,426.15,5209,11282.2,13217,26383.46,1706,3611.02,126,365.57,410,1375.18,481,53.57,21456,43497.15
"MAHARASHTRA","AMRAVATI",386,710.59,41046,75683.08,16667,30032.3,19266,34006.22,622,1308.42,1571,4102.22,1493,175.68,81051,146018.51
"MAHARASHTRA","AURANGABAD",3741,9094.34,25640,59317.52,60862,161906.08,8516,18352.01,1182,4269.94,40,86.69,1204,4019.94,101185,257046.52
"MAHARASHTRA","BEED",930,4457.09,7159,20766.96,29627,88678.88,4211,13845.86,27,108.95,15,61.3,182,879.5,42151,128798.54
"MAHARASHTRA","BHANDARA",527,607.23,8196,11486.16,437,612.37,8725,10794.37,1,1.09,3,2.5,77,55.06,17966,23558.78
"MAHARASHTRA","BULDANA",338,636.23,8254,9376.47,5023,5417.07,47321,70191.75,757,1256.6,1112,2240.34,9588,10.7,72393,89129.16
"MAHARASHTRA","CHANDRAPUR",175,229.53,7949,13374.08,493,778.39,11801,18766.36,12,39.02,421,801.01,71,69.74,20922,34058.13
"MAHARASHTRA","DHULE",1516,2815.15,27375,51854.11,15891,34562.57,9477,20631.51,244,467.48,21,41.92,4815,1050.2,59339,111422.94
"MAHARASHTRA","GADCHIROLI",580,938.43,4873,6226.99,1189,610.08,6072,7032.22,5,6.86,4,8.6,401,367.52,13124,15190.7
"MAHARASHTRA","GONDIYA",483,517.77,4269,5261.04,449,369.8,3658,3895.43,10,2.89,20,36.39,591,674.16,9480,10757.48
"MAHARASHTRA","HINGOLI",388,1181.55,8088,22378.78,16223,39335.3,4314,12943,2,8,20,48.3,14,28.69,29049,75923.62
"MAHARASHTRA","JALGAON",1562,2845.06,32542,55431.86,51436,100291.87,19909,36753.22,14585,28159.13,288,663.03,1899,1186.27,122221,225330.44
"MAHARASHTRA","JALNA",1894,2609.19,6166,14607.01,58452,177794.85,1172,2210.68,102,196.48,335,76.27,3089,2333.75,71210,199828.23
"MAHARASHTRA","KOLHAPUR",1120,1340.16,18597,34027.9,17049,25216.69,5157,7507.02,65,97.79,30,36.53,1392,97.49,43410,68323.58
"MAHARASHTRA","LATUR",9684,18736.14,1786,2804.05,24393,56675.46,1966,5105.67,92,237.79,149,314.4,183,388.8,38253,84262.31
"MAHARASHTRA","NAGPUR",5206,4230.42,40757,48993.44,4847,6579.48,18041,29953.69,191,428.68,134,308.02,519,1037.03,69695,91530.76
"MAHARASHTRA","NANDED",822,2188.59,8977,20087.15,18754,46175.57,3021,8266.89,34,94.5,529,2160.55,10,20.77,32147,78994.02
"MAHARASHTRA","NANDURBAR",755,1230.72,11047,27077.32,1714,4680.44,2219,5789.63,61,95.18,43,58.6,1100,2359.86,16939,41291.75
"MAHARASHTRA","NASHIK",8869,14223.78,89125,163546.28,31790,59381.3,6435,10479.1,1028,1675,79,125.87,41467,59352.53,178793,308783.86
"MAHARASHTRA","OSMANABAD",1410,3959.58,20461,50856.09,23314,68018.03,1986,5798.75,171,351.84,350,691.72,290,166.18,47982,129842.19
"MAHARASHTRA","PARBHANI",434,982.79,9562,15906.64,16697,49464.12,4551,10573.13,6,17.6,1,1.6,73,6.8,31324,76952.68
"MAHARASHTRA","PUNE",2521,3946.08,38407,48654.06,85396,332981.79,2999,9027.07,3,3.63,46,14.1,373,238.63,129745,394865.36
"MAHARASHTRA","RAIGHAR",312,246.06,765,613.21,1892,3371.65,437,316.09,61,38.5,2,2.7,1137,689.51,4606,5277.72
"MAHARASHTRA","RATNAGIRI",523,157.82,1452,654.06,375,333.24,446,358.91,62,55.76,7,5.93,535,514.4,3400,2080.12
"MAHARASHTRA","SANGLI",1214,1923.8,37898,70600.09,39314,85637.66,5295,16306.93,4485,10599.61,12,23.79,589,125.51,88807,185217.39
"MAHARASHTRA","SATARA",5316,7718.56,23013,38207.93,39707,69859.33,635,1264.1,377,236.1,116,259.83,66,36.14,69230,117581.99
"MAHARASHTRA","SINDHUDURGA",421,299.04,3252,2899.62,921,1113.97,2350,2292.27,30,60.39,14,21.21,451,505.48,7439,7191.98
"MAHARASHTRA","SOLAPUR",6553,10898.92,52581,123718.56,59653,138193.32,7322,16266.02,3668,8887.16,19,44.59,3046,513.86,132842,298522.43
"MAHARASHTRA","THANE",261,524.22,2826,3836.47,2609,4328.59,1309,1864.22,226,533.11,14,34.45,1046,661.78,8291,11782.84
"MAHARASHTRA","WARDHA",1794,3170.57,32191,43659.36,1215,1338.52,9809,8753.63,446,562.35,1710,3613.15,129,7.6,47294,61105.18
"MAHARASHTRA","WASHIM",2264,3920.02,9295,13269.55,3456,8130.13,10526,14465.31,81,138.39,159,237.02,264,5.2,26045,40165.62
"MAHARASHTRA","YAVATMAL",1474,3438.1,20889,38541.39,6574,12764.36,7731,13409.88,121,340.7,4138,9613.45,18,21.4,40945,78129.28
"MEGHALAYA","JAINTIA HILLS",0,0,4,3.3,0,0,2,2,0,0,0,0,2,0.75,8,6.05
"MEGHALAYA","WEST GARO HILLS",0,0,0,0,1,2.7,1,0.6,0,0,0,0,0,0,2,3.3
"MEGHALAYA","WEST KHASI HILLS",0,0,3,2.7,0,0,0,0,0,0,0,0,0,0,3,2.7
"NAGALAND","DIMAPUR",26,59,41,93.3,2,3,1,3,0,0,0,0,29,0,99,158.3
"ODISHA","ANGUL",72,17.78,26087,4157.01,15,2.02,1301,383.29,5,1.47,22,2.31,4145,273.82,31647,4837.7
"ODISHA","BALASORE",4,3.8,788,489.63,1,0,141,852.87,0,0,0,0,1708,6.96,2642,1353.26
"ODISHA","BARGARH",49,40.98,17104,8077.81,29,32.29,277,265.54,1,3.55,1,0.36,6149,356.79,23610,8777.32
"ODISHA","BHADRAK",0,0,47,44.79,0,0,6,4.87,0,0,0,0,201,3.4,254,53.06
"ODISHA","BOLANGIR",680,211.88,46070,15841.74,19,5.27,75,34.37,1,1.21,1,0.08,12426,5.55,59272,16100.1
"ODISHA","BOUDH",25,4.76,11253,2183.07,1,0.3,16,2.85,0,0,1,0.44,1579,0.86,12875,2192.28
"ODISHA","CUTTACK",117,54.32,11887,2323.37,25,6.77,380,122.06,1,3.15,0,0,3181,4.78,15591,2514.45
"ODISHA","DEOGARH",17,2.62,6354,799.27,0,0,60,11.76,3,0.73,0,0,1055,4.25,7489,818.63
"ODISHA","DHENKANAL",38,8.59,5294,1475.55,21,54.85,1371,556.5,16,5.15,8,0.84,5620,188.14,12368,2289.62
"ODISHA","GAJAPATI",7,2.54,1196,333.33,2,5.06,5,1.7,37,8.55,0,0,3150,4,4397,355.18
"ODISHA","GANJAM",998,390.03,23656,8194.85,72,32.73,433,219.5,19,5.85,3,0.88,7415,13.43,32596,8857.27
"ODISHA","JAGATSINGHPUR",1,0.82,232,77.74,0,0,116,53,0,0,1,0.12,606,0.46,956,132.14
"ODISHA","JAJAPUR",53,28.93,1445,521.15,21,31.29,488,291.53,0,0,0,0,1211,3.35,3218,876.25
"ODISHA","JHARSUGUDA",55,14.85,4537,1287.4,6,1.36,164,41.62,46,6.27,1,0.06,1997,3.45,6806,1355.01
"ODISHA","KALAHANDI",152,103.29,16298,3744.48,2,1.5,26,26.14,0,0,0,0,5085,3.56,21563,3878.97
"ODISHA","KANDHAMAL",107,31.6,5275,1014.88,6,2.07,60,15.2,1,0.08,0,0,3935,5.59,9384,1069.42
"ODISHA","KENDRAPARA",1,1.1,107,54.48,0,0,44,22.12,0,0,0,0,217,0.1,369,77.8
"ODISHA","KEONJHAR",21,2.66,13389,2365.67,7,0.38,296,73.1,3,3.5,160,59.78,9823,801.97,23699,3307.06
"ODISHA","KHURDA",25,9.68,8739,1560.55,8,1.62,19,15.86,9,1.08,0,0,6110,26.19,14910,1614.98
"ODISHA","KORAPUT",39,13.69,2171,734.12,4,8.35,35,32.33,0,0,3,2.95,3124,70.82,5376,862.26
"ODISHA","MALKANAGIRI",6,1.64,454,95.48,13,2.54,91,21.12,0,0,0,0,1632,58.44,2196,179.22
"ODISHA","MAYURBHANJA",101,55.98,3255,858.81,15,3.94,595,636.19,3,0.5,1,0.04,9470,486.27,13440,2041.73
"ODISHA","NAWARANGAPUR",58,10.96,9055,2535.94,9,1.37,337,143.81,2,0.32,3,0.64,2106,7.77,11570,2700.81
"ODISHA","NAYAGARH",51,32.19,10421,2934.95,13,8.65,390,228.41,4,1.65,3,0.26,5585,33.69,16467,3239.8
"ODISHA","NUAPADA",30,7.84,10624,1764.67,2,0.26,3,0.3,0,0,1,4,3879,6.71,14539,1783.78
"ODISHA","PURI",7,6.39,305,162.98,2,5.11,5,1.4,0,0,0,0,335,6.14,654,182.02
"ODISHA","RAYAGADA",7,11.26,984,410,11,8.25,29,24.99,4,2.08,2,0.4,1315,30.25,2352,487.23
"ODISHA","SAMBALPUR",297,132.04,13819,3364.07,88,30.1,163,48.42,1,0,3,1.02,3530,47.9,17901,3623.55
"ODISHA","SONEPUR",166,106.44,10845,3852.16,5,2.36,58,23.08,4,1.66,0,0,2315,177.74,13393,4163.44
"ODISHA","SUNDARGARH",1112,442.84,15482,4041.57,29,9.84,230,120.69,14,3.36,4,1.7,7164,7.59,24035,4627.59
"PUDUCHERRY","PUDUCHERRY",56,84.34,24,36.6,3,3.96,1,7.06,0,0,0,0,0,0,84,131.96
"RAJASTHAN","AJMER",3723,5897.28,19991,33509.94,2671,5603.48,8977,18415.76,168,765.25,1053,3654.74,39857,31.57,76440,67878.02
"RAJASTHAN","ALWAR",2013,7475.57,11212,41288.98,11608,45148.57,27313,119536.88,290,1501,16101,69088.96,13226,723.7,81763,284763.66
"RAJASTHAN","BANSWARA",886,1813.67,4296,8513.84,221,773.33,2844,5108.8,65,131.64,5,4.36,2317,1163.8,10634,17509.44
"RAJASTHAN","BARAN",554,1636.91,6127,16446.61,98,443.49,7581,16153.93,0,0,16,24.01,1661,138.41,16037,34843.36
"RAJASTHAN","BARMER",455,1981.32,1289,7144.78,245,1697.33,175,1075.25,192,861.21,16346,101668.15,2454,18.04,21156,114446.08
"RAJASTHAN","BHARATPUR",298,920.16,135,513.44,115,297.96,3892,19445.59,1,2.35,15,39.73,2666,14.25,7122,21233.48
"RAJASTHAN","BHILWARA",9349,18232.06,57324,93618.19,2710,6753.74,9992,24096.51,65,127.9,419,688.4,40436,350.12,120295,143866.92
"RAJASTHAN","BIKANER",1,1.52,1,3.15,0,0,0,0,0,0,948,10396.12,25,0,975,10400.79
"RAJASTHAN","BUNDI",1557,5053.57,12392,31767.96,76,460.98,5879,24413.23,81,206.68,79,238.7,4232,1053.37,24296,63194.49
"RAJASTHAN","CHITTORGARH",13306,28700.91,38045,73911.66,12933,26946.05,21993,51522.98,1209,1922.09,779,2095.36,9182,409.25,97447,185508.3
"RAJASTHAN","CHURU",2,1.96,64,192.45,1,1.01,5,19.46,16,71.56,4924,40895.29,1029,0,6041,41181.73
"RAJASTHAN","DAUSA",1888,6341.79,6327,17298.38,1488,5463.63,16462,58083.6,48,165,415,1634.67,7650,19.99,34278,89007.06
"RAJASTHAN","DHOLPUR",237,1063.93,915,3118.35,8,41.64,1788,6288.73,0,0,24,81.5,982,8.33,3954,10602.48
"RAJASTHAN","DUNGARPUR",1256,1955.45,9576,16123.62,898,2658.7,2735,5368.87,22,39.02,50,84.93,3485,0,18022,26230.59
"RAJASTHAN","GANGANAGAR",0,0,0,0,12,122.34,0,0,0,0,0,0,0,0,12,122.34
"RAJASTHAN","HANUMANGARH",21,102.89,3093,10318.9,17,115.98,44,252.45,0,0,13,110.57,94,325.34,3282,11226.13
"RAJASTHAN","JAIPUR",3487,14046.8,16143,37566.3,3897,13009.96,11051,39928.53,310,1111.47,37763,182057.57,37226,573.74,109877,288294.37
"RAJASTHAN","JAISALMER",31,106.85,27,23.09,0,0,0,0,12,85.65,44,472.6,1,0,115,688.19
"RAJASTHAN","JALORE",5256,21034.84,11706,57150.87,1117,5693.7,5230,22677.39,95,534.85,13471,83164.35,14489,75.11,51364,190331.11
"RAJASTHAN","JHALAWAR",5467,17533.44,45945,101236.83,2984,8895.73,11884,29472.73,27,61.23,102,179.82,4354,18.35,70763,157398.13
"RAJASTHAN","JHUNJHUNU",384,1395.33,2006,4209.71,22,69.42,1705,6982.87,297,1426.18,36184,236672.16,3366,2,43964,250757.67
"RAJASTHAN","JODHPUR",459,2071.15,1094,6121.6,62,326.24,342,1218.82,6,12.75,192,812.59,5370,0,7525,10563.15
"RAJASTHAN","KAROLI",645,2064.21,3216,10184.38,911,3353.76,13754,46177.51,8,24.74,54,180.79,9201,399.07,27789,62384.46
"RAJASTHAN","KOTA",3828,12429.94,1704,5818.49,169,507.24,3037,8641.23,2,9.42,17,40.73,2318,68.92,11075,27515.97
"RAJASTHAN","NAGAUR",680,3481.99,1372,9020.03,64,307.78,347,3437.64,126,603.84,17647,107539.69,10376,17.24,30612,124408.21
"RAJASTHAN","PALI",4118,16936.37,21888,72622.29,2194,8063.02,746,3141.25,4,13.58,112,369.19,18945,62.9,48007,101208.6
"RAJASTHAN","RAJSAMAND",3448,3425.6,28156,26527.9,1649,3563.81,3570,6191.75,24,42.57,482,761.5,16962,8.42,54291,40521.55
"RAJASTHAN","SAWAI MADHOPUR",452,1717.82,2943,11230.01,218,1023.65,24043,103201.05,7,22.82,33,86.82,4202,0,31898,117282.17
"RAJASTHAN","SIKAR",395,1374.02,2807,8850.16,272,1176.46,614,2265.73,269,1658.28,38401,210275.25,5967,29.24,48725,225629.14
"RAJASTHAN","SIROHI",3846,21241.23,9926,50490.95,475,3514.17,2251,12346.16,80,458.96,1242,7321.32,2205,64.33,20025,95437.12
"RAJASTHAN","TONK",2172,6281.74,13186,37683.36,561,1706.59,20219,55878.76,49,121.85,354,1355.5,15434,308.39,51975,103336.19
"RAJASTHAN","UDAIPUR",6396,11065.4,35429,53704.81,2363,4944.12,6098,12010.74,53,61.47,180,364.38,11152,242.05,61671,82392.97
"TAMIL NADU","COIMBATORE",28478,33782.26,42577,46790.06,3901,4011.57,1228,1716.31,8900,14706.47,22,12.76,18011,5395.46,103117,106414.89
"TAMIL NADU","CUDDALORE",5892,42545.37,1375,5833.66,496,3396.83,38,351.37,17,260.21,3,4.38,29,17.61,7850,52409.43
"TAMIL NADU","DHARMAPURI",37731,37870.57,36768,34109.24,3528,4579.73,796,497.59,39,51.81,10,8.54,1495,362.72,80367,77480.2
"TAMIL NADU","DINDIGUL",33076,39129.66,56326,71371.21,1621,2986.81,239,951.25,73,87.24,1,0,3719,1274.89,95055,115801.06
"TAMIL NADU","ERODE",39151,29039.02,68199,53492.86,7422,5924.37,476,489.46,352,308.83,40,33.05,6208,47.32,121848,89334.91
"TAMIL NADU","KANCHEEPURAM",5408,4769.94,49398,46443.71,840,854.94,18,19.7,5,5.26,2,6.04,57,0,55728,52099.59
"TAMIL NADU","KANYAKUMARI",362,269.26,635,321.39,164,113.63,373,1371.7,14,761.3,0,0,26,16.69,1574,2853.97
"TAMIL NADU","KARUR",6958,7253.68,20821,22639.49,1667,2606.59,5253,6180.81,11,41.08,0,0,6734,2231.11,41444,40952.76
"TAMIL NADU","KRISHNAGIRI",22631,25084.91,19877,51227.03,2119,2480.67,535,750.79,36,53.91,1,1,743,212.47,45942,79810.78
"TAMIL NADU","MADURAI",6954,6170.6,40311,31931.38,525,652.69,260,252.1,1,1,0,0,6494,4.86,54545,39012.63
"TAMIL NADU","NAGAPATTINAM",1125,259.37,2118,698.72,242,136.61,467,160.27,1,0.02,1,0,295,21.91,4249,1276.9
"TAMIL NADU","NAMAKKAL",10685,10285.62,7431,7975.79,1457,1610.86,45229,52986.67,20,21.53,7,5.98,1056,0,65885,72886.45
"TAMIL NADU","NILGIRIS",26,72.96,66,68.44,34,26.8,252,467.06,8,13.03,366,849.48,148,257.09,900,1754.86
"TAMIL NADU","PERAMBALUR",9670,6003.9,25918,13232.97,6683,2626.31,928,675.41,24,5.89,41,15,1988,65.31,45252,22624.79
"TAMIL NADU","PUDUKKOTTAI",8085,7818.61,21294,24264.9,930,398.59,13,58.33,12,3.67,1,0.7,1542,290.07,31877,32834.87
"TAMIL NADU","RAMANATHAPURAM",1654,14057.68,1816,8871.21,279,1170.9,47,198.37,5,24.9,2,1.72,605,7929.33,4408,32254.11
"TAMIL NADU","SALEM",45961,39926.9,50638,39337.38,3379,3177.48,48,44.31,53,85.17,0,0,3612,159.07,103691,82730.31
"TAMIL NADU","SIVAGANGA",3606,5108.42,12905,20807.73,731,1457.87,138,29.88,53,75.94,7,2.73,3252,115.56,20692,27598.13
"TAMIL NADU","THANJAVUR",628,1132.28,945,1281.7,34,86.32,4,3.9,2,6,0,0,218,9.35,1831,2519.55
"TAMIL NADU","THENI",8090,10545.43,15792,17768.86,1545,2669.07,6,4.53,43,116.45,0,0,299,1.53,25775,31105.87
"TAMIL NADU","THIRUVALLUR",4412,5491.42,4224,4931.96,3053,9274.14,24,33.04,33,47.41,0,0,503,486.84,12249,20264.81
"TAMIL NADU","THIRUVARUR",221,199.33,166,141.29,25,25.06,0,0,0,0,0,0,3,2.54,415,368.22
"TAMIL NADU","TIRUCHIRAPPALLI",37882,44260.37,25705,22066.14,1939,2022.74,104,117.2,10,20.28,1,1,7835,641.17,73476,69128.9
"TAMIL NADU","TIRUNELVELI",17170,24368.66,53643,60100.21,1684,1512.72,821,668.42,60,278.49,2,0.67,13834,1013.1,87214,87942.27
"TAMIL NADU","TIRUVANNAMALAI",48684,22931.6,112027,50883.63,4992,3031.91,71,56.72,35,13.55,21,3.64,4119,415.37,169949,77336.42
"TAMIL NADU","TUTICORIN DISTRICT",7914,13863.05,12167,30101.74,787,1632.76,34,46.59,221,418.42,28,35.29,4454,171.45,25605,46269.3
"TAMIL NADU","VELLORE",32218,34911.68,69165,76860.43,1790,1833.53,1018,1581.9,43,4.9,92,49.63,9888,470.87,114214,115712.94
"TAMIL NADU","VILLUPPURAM",101397,100357.56,42413,43936.13,9766,14928.34,58,45.52,267,671.49,0,0,1790,1.68,155691,159940.72
"TAMIL NADU","VIRUDHUNAGAR",3294,11207.4,21128,89922.55,3117,3072.14,141,186.51,26,36.29,74,46.57,10593,249.52,38373,104720.98
"TRIPURA","DHALAI",0,0,1,0.3,0,0,0,0,0,0,0,0,1,2,2,2.3
"TRIPURA","SOUTH TRIPURA",0,0,135,496.88,1,25,0,0,0,0,0,0,3,7.5,139,529.38
"TRIPURA","WEST TRIPURA",2,3,10,35.8,6,37,2,3.35,0,0,0,0,2,3,22,82.15
"UTTAR PRADESH","AGRA",8,12.13,435,955.82,22,58.21,148,268.31,0,0,0,0,914,0,1527,1294.47
"UTTAR PRADESH","ALLAHABAD",17,100.03,2178,10210.23,72,342,473,1469.23,1,3.5,0,0,315,0,3056,12124.99
"UTTAR PRADESH","AMBEDAKAR NAGAR",17,37.5,2,3.8,0,0,0,0,0,0,0,0,96,0,115,41.3
"UTTAR PRADESH","AZAMGARH",0,0,0,0,0,0,0,0,0,0,0,0,9,0,9,0
"UTTAR PRADESH","BAGHPAT",1,0.5,0,0,0,0,0,0,0,0,0,0,68,0,69,0.5
"UTTAR PRADESH","BALLIA",10,102.17,135,379.71,1,1.45,2,10.5,0,0,0,0,567,0,715,493.83
"UTTAR PRADESH","BALRAMPUR",0,0,11,63.72,0,0,2,8.04,0,0,0,0,90,0,103,71.76
"UTTAR PRADESH","BANDA",16,63.81,763,2603.48,9,17.37,460,1245.92,0,0,15,50,248,0,1511,3980.58
"UTTAR PRADESH","BARABANKI",0,0,144,140.5,2,3.2,0,0,0,0,0,0,292,22,438,165.7
"UTTAR PRADESH","BAREILLY",0,0,0,0,0,0,0,0,0,0,0,0,7,0,7,0
"UTTAR PRADESH","BASTI",5,91.4,30,103.68,1,5,2,4,0,0,0,0,4,0,42,204.08
"UTTAR PRADESH","CHANDAULI",10,50,57,811.6,32,116.5,196,895.6,0,0,0,0,497,0,792,1873.7
"UTTAR PRADESH","CHITRAKOOT",6,30,1,1,0,0,3315,10175.5,0,0,0,0,655,12,3977,10218.5
"UTTAR PRADESH","DEORIA",1,5,9,15.25,0,0,17,32.4,0,0,0,0,0,0,27,52.65
"UTTAR PRADESH","FAIZABAD",0,0,147,225.4,0,0,60,82.7,0,0,0,0,98,0,305,308.1
"UTTAR PRADESH","FARRUKHABAD",0,0,1,2.5,0,0,0,0,0,0,0,0,23,0,24,2.5
"UTTAR PRADESH","FATEHPUR",1,10,408,1342.43,0,0,1,0.5,0,0,0,0,367,0,777,1352.93
"UTTAR PRADESH","FIROZABAD",0,0,10,20,0,0,0,0,0,0,0,0,41,0,51,20
"UTTAR PRADESH","GHAZIPUR",0,0,0,0,0,0,0,0,0,0,0,0,59,0,59,0
"UTTAR PRADESH","GONDA",0,0,0,0,0,0,0,0,0,0,0,0,9,0,9,0
"UTTAR PRADESH","HAMIRPUR",242,753.76,1753,5477.1,20,59.31,206,767.11,11,37.64,255,766.19,395,0,2882,7861.11
"UTTAR PRADESH","HARDOI",0,0,135,341.47,2,2.26,5,22.1,0,0,0,0,211,0,353,365.83
"UTTAR PRADESH","JALAUN",84,143.25,496,837.45,1,2,33,59.5,0,0,0,0,113,0,727,1042.2
"UTTAR PRADESH","JAUNPUR",4,73.5,70,255.1,0,0,3,18.5,0,0,0,0,0,0,77,347.1
"UTTAR PRADESH","JHANSI",275,0,21785,1602.98,642,2.25,3183,261.26,1,0,3,7,2288,0,28177,1873.49
"UTTAR PRADESH","KANNAUJ",0,0,57,303.2,0,0,0,0,0,0,0,0,0,0,57,303.2
"UTTAR PRADESH","KANPUR DEHAT",2,19.5,74,298.53,1,20,81,402.83,0,0,0,0,0,0,158,740.86
"UTTAR PRADESH","KANPUR NAGAR",0,0,142,390.6,0,0,0,0,0,0,0,0,0,0,142,390.6
"UTTAR PRADESH","KAUSHAMBI",0,0,15,38.85,0,0,0,0,0,0,0,0,0,0,15,38.85
"UTTAR PRADESH","KHERI",2,44,98,271.97,0,0,63,185.24,0,0,0,0,0,0,163,501.21
"UTTAR PRADESH","LALITPUR",156,295.86,20122,53887.83,298,801.58,7268,22501.67,34,91.9,210,881.58,1431,2118.6,29519,80579.02
"UTTAR PRADESH","LUCKNOW",1,1.6,7,9.73,0,0,1,1.56,0,0,0,0,41,0,50,12.89
"UTTAR PRADESH","MAHARAJ GANJ",0,0,1,5,0,0,16,42.8,0,0,0,0,25,0,42,47.8
"UTTAR PRADESH","MAHOBA",6,10.2,4417,9733.07,121,265.5,10995,23928.96,5,16.94,100,209.66,381,4,16025,34168.33
"UTTAR PRADESH","MAINPURI",0,0,0,0,0,0,0,0,0,0,0,0,2,0,2,0
"UTTAR PRADESH","MATHURA",0,0,109,162.83,1,2,0,0,0,0,0,0,266,0,376,164.83
"UTTAR PRADESH","MAU",3,0,7,7.85,0,0,0,0,0,0,0,0,113,0,123,7.85
"UTTAR PRADESH","MEERUT",0,0,0,0,0,0,0,0,0,0,0,0,20,0,20,0
"UTTAR PRADESH","MIRZAPUR",568,1213.12,7761,19251.24,643,1646.61,6968,17325.31,14,48.85,112,310.1,1548,725.58,17614,40520.81
"UTTAR PRADESH","MUZZAFARNAGAR",0,0,168,459.89,0,0,0,0,0,0,0,0,56,0,224,459.89
"UTTAR PRADESH","PRATAPGARH",1,20,136,221.3,0,0,0,0,0,0,0,0,19,0,156,241.3
"UTTAR PRADESH","RAEBARELI",10,5.75,1303,824.03,7,5.55,4,3.31,0,0,0,0,3643,0,4967,838.64
"UTTAR PRADESH","SANT KABIR NAGAR",1,3,291,1209.8,6,121.55,5,30.55,0,0,0,0,5,3.25,308,1368.15
"UTTAR PRADESH","SANT RAVI DAS NAGAR",22,110.66,14,27.75,2,4,0,0,0,0,0,0,24,0,62,142.41
"UTTAR PRADESH","SIDDHARTH NAGAR",1,14,307,1197.7,0,0,12,155.18,0,0,0,0,101,0,421,1366.88
"UTTAR PRADESH","SONBHADRA",463,886.1,5279,14226.2,371,931.85,2779,9743.87,36,169.3,253,827.7,329,348.16,9510,27133.18
"UTTAR PRADESH","SULTANPUR",6,5.65,118,255.72,4,9,21,49.74,0,0,0,0,592,0,741,320.11
"UTTAR PRADESH","UNNAO",0,0,6,9,1,1,0,0,0,0,0,0,213,0,220,10
"UTTAR PRADESH","VARANASI",16,88.54,66,177.76,8,79.31,12,22.71,0,0,0,0,7,0,109,368.32
"UTTARAKHAND","CHAMOLI",0,0,0,0,0,0,1,5,0,0,0,0,0,0,1,5
"UTTARAKHAND","CHAMPAWAT",1,80,0,0,0,0,0,0,0,0,0,0,0,0,1,80
"UTTARAKHAND","DEHRA DUN",9,56,1,0,0,0,0,0,0,0,0,0,0,0,10,56
"UTTARAKHAND","HARIDWAR",0,0,1,184,0,0,0,0,0,0,0,0,0,0,1,184
"UTTARAKHAND","NAINITAL",28,747,6,97.2,0,0,0,0,0,0,0,0,2,4,36,848.2
"UTTARAKHAND","PAURI",0,0,0,0,0,0,0,0,0,0,0,0,16,0,16,0
"UTTARAKHAND","UDHAM SINGH NAGAR",28,517.16,569,6310.93,5,22,0,0,0,0,0,0,1,0,603,6850.09
"WEST BENGAL","BANKURA",4,9.72,1181,898.15,1,0.8,10,2.93,0,0,0,0,169,3.32,1365,914.92
"WEST BENGAL","BARDDHAMAN",1,11.58,49,348.29,1,35,0,0,0,0,0,0,12,55.26,63,450.13
"WEST BENGAL","BIRBHUM",0,0,106,276.52,0,0,3,11,0,0,0,0,58,0,167,287.52
"WEST BENGAL","DAKSHIN DINAJPUR",0,0,25,46.81,0,0,5,36.3,1,0.6,0,0,0,0,31,83.71
"WEST BENGAL","DARJEELING",0,0,185,566.87,0,0,7,29.78,0,0,0,0,37,0,229,596.65
"WEST BENGAL","HAORA",0,0,0,0,1,26,0,0,0,0,0,0,0,0,1,26
"WEST BENGAL","JALPAIGURI",32,79.76,2379,5836.06,6,11.82,505,1885.82,5,13,36,1299.98,330,50.58,3293,9177.02
"WEST BENGAL","KOCH BEHAR",100,57.53,789,879.35,1,19.8,20,42.35,0,0,0,0,188,1.54,1098,1000.57
"WEST BENGAL","MALDA",2,2,42,158.8,3,161,5,16,0,0,0,0,8,31,60,368.8
"WEST BENGAL","MURSHIDABAD",0,0,2,6,0,0,0,0,0,0,0,0,0,0,2,6
"WEST BENGAL","NADIA",1,50,13,58.1,7,80.2,0,0,0,0,0,0,2,0.79,23,189.09
"WEST BENGAL","NORTH 24 PARGANAS",2,37.2,27,200.14,1,30,0,0,0,0,0,0,3,4.8,33,272.14
"WEST BENGAL","PASHCHIM MIDNAPORE",15,131.4,2193,3981.49,4,21.96,152,490.3,1,4.5,0,0,46,5,2411,4634.65
"WEST BENGAL","PURBA MIDNAPORE",0,0,1,2,0,0,0,0,0,0,0,0,0,0,1,2
"WEST BENGAL","PURULIA",34,15.19,3356,1305.83,2,0.97,2,0.88,0,0,0,0,217,4.45,3611,1327.32
"WEST BENGAL","UTTAR DINAJPUR",1,6,64,286.9,1,6,2,8,0,0,0,0,11,2.55,79,309.45
