0,1,2,3,4,5,6,7,8,9,10,11,12,13,14,15,16,17,18,19,20,21,22,23,24,25,26,27,28,29,30,31,32,33,34,35,36,37,38
Andhra Pradesh,1,Adilabad,16921,2579,2549,2408,1377,359,3782,11267,10296,218,21781,10595,7865,7101,25561,5278,5085,15198,25561,8496,3600,7996,2235,22327,24113,18583,12181,6053,112,1,18347,NA,NA,NA,NA,NA
Andhra Pradesh,2,Anantapur,49029,3826,3033,2561,1636,1180,14223,17173,12507,17362,47042,13956,22091,26702,92749,3929,1347,57473,92749,40231,5684,657,542,47114,89336,83827,41621,22094,9716,294,73725,NA,NA,NA,NA,NA
Andhra Pradesh,3,Chittoor,113230,2634,2072,2134,1724,718,14652,48895,45833,13132,107860,51330,44995,25545,121870,7949,1092,112829,121870,78271,15817,11819,1923,107860,113322,127301,51754,38232,3015,9618,102619,NA,NA,NA,NA,NA
Andhra Pradesh,4,Cuddapah,38947,2464,1337,717,497,260,8850,20041,8040,7291,35372,11845,19186,13191,44222,2564,435,41223,44222,23504,7201,3656,1011,35372,69092,71429,38308,14689,3276,827,57100,NA,NA,NA,NA,NA
Andhra Pradesh,5,East Godavari,11818,44,57,55,39,20,348,1383,9369,933,11685,1776,2705,7527,12008,377,5,11626,12008,1259,812,405,9316,11792,5907,6054,3470,1322,194,447,5433,NA,NA,NA,NA,NA
Andhra Pradesh,6,Guntur,4071,131,211,301,238,106,1165,1509,1865,519,3893,1854,1868,1336,5058,705,134,429,5058,972,1660,34,1227,3893,5381,5647,3180,847,470,5,4502,NA,NA,NA,NA,NA
Andhra Pradesh,7,Hyderabad,321,0,0,0,0,0,77,125,115,4,244,60,103,152,315,25,4,286,315,234,10,NA,NA,244,376,494,246,89,65,NA,400,NA,NA,NA,NA,NA
Andhra Pradesh,8,Karimnagar,135439,10964,8437,7794,4793,2117,11538,14515,141301,2190,158006,66457,57234,45071,168762,20115,4122,144525,168762,104848,28224,23415,1519,158006,157829,199895,103833,81135,1853,2417,189238,NA,NA,NA,NA,NA
Andhra Pradesh,9,Khamman,17361,2142,1888,1729,778,301,2683,3020,18064,432,21516,7364,9209,7626,24199,2159,6177,15863,24199,9309,7861,4034,312,21516,26077,25366,12605,11176,438,2,24221,NA,NA,NA,NA,NA
Andhra Pradesh,10,Krishna,12837,337,232,168,82,59,2020,3884,3929,3882,11695,3451,4258,5886,13595,1115,491,11989,13595,6817,3555,955,368,11695,22221,22693,9803,6341,1539,1102,18785,NA,NA,NA,NA,NA
Andhra Pradesh,11,Kurnool,17090,1872,1971,1881,1242,476,2536,11396,9454,1146,21996,3014,7723,13897,24634,3038,386,21210,24634,13933,7964,62,268,22227,40762,50910,26787,15458,975,25,43245,NA,NA,NA,NA,NA
Andhra Pradesh,12,Mahabubnagar,88392,6136,4280,3474,1851,933,22979,7548,66588,7951,82087,30361,41413,53491,125265,14565,8764,101936,125265,38811,36189,6119,968,82087,123517,149513,50895,28635,743,294,80567,NA,NA,NA,NA,NA
Andhra Pradesh,13,Medak,64451,4609,3583,3124,1971,803,8230,10168,51338,8805,70311,31747,27010,21124,79881,8838,2671,68372,79881,56473,7788,4588,1570,70419,83530,91149,44016,25405,660,8100,78182,NA,NA,NA,NA,NA
Andhra Pradesh,14,Nalgonda,86123,5523,4111,3471,2001,1122,17880,16911,49008,18552,84471,26883,38650,46861,112394,13497,8634,90263,112394,69516,7856,6097,1002,84471,118671,115866,59338,43523,1846,597,105304,NA,NA,NA,NA,NA
Andhra Pradesh,15,Nellore,20666,1156,969,831,684,157,2322,8482,11622,2037,22141,16522,16141,11584,44247,8486,1493,34268,44247,12018,9737,168,227,22150,38944,41588,9312,21862,7044,48,38266,NA,NA,NA,NA,NA
Andhra Pradesh,16,Nizamabad,39357,4102,3130,2452,1684,1022,2525,6356,32924,9762,49222,25654,21123,9464,56241,7839,3500,44902,56241,46691,1381,774,478,49324,60584,77317,44352,19353,5988,3167,72860,NA,NA,NA,NA,NA
Andhra Pradesh,17,Prakasam,22690,1056,986,1039,451,160,2253,10075,11939,2115,24129,5831,13109,19723,38663,4047,431,35185,38663,11747,11431,502,449,24129,50585,53575,25840,19433,1749,59,47081,NA,NA,NA,NA,NA
Andhra Pradesh,18,Ranga Reddy,29770,1565,1464,1402,939,532,4783,12189,16053,2647,30889,8051,10954,18475,37490,3811,1811,31868,37490,24684,3445,2282,478,30889,47128,41053,20562,12523,1357,372,34814,NA,NA,NA,NA,NA
Andhra Pradesh,19,Srikakulam,23263,2460,2233,2412,1782,696,725,22101,10001,19,32121,21085,9726,3504,34315,4027,1333,28955,34315,2018,2703,6319,21076,32121,17375,20879,9643,10589,100,176,20508,NA,NA,NA,NA,NA
Andhra Pradesh,20,Visakhapatanam,19555,656,456,560,607,298,1109,15558,5176,289,21023,13141,11012,3107,27260,873,227,26160,27260,2955,4005,12021,2042,21023,21058,22589,10440,7906,902,3017,22265,NA,NA,NA,NA,NA
Andhra Pradesh,21,Vizianagaram,27360,1918,1408,1123,1118,580,1839,22568,9021,79,31668,17652,16626,5351,39629,2814,676,36139,39629,1734,1987,12953,14994,31668,19999,21505,1634,17629,62,1344,20669,NA,NA,NA,NA,NA
Andhra Pradesh,22,Warangal,112241,11577,8238,6407,3254,2209,3407,21201,117445,1873,140519,56924,53359,33720,144003,14761,25401,103841,144003,75185,28353,34777,2204,140519,158317,183157,98762,70117,373,12,169264,NA,NA,NA,NA,NA
Andhra Pradesh,23,West Godavari,12964,955,791,351,364,123,804,1914,774,12256,14944,2244,4689,10216,17149,2097,407,14845,17149,1262,2132,459,91,14944,45287,50244,18906,22318,4742,1791,47757,NA,NA,NA,NA,NA
Andhra Pradesh,,TOTAL,963266,68706,53436,46594,29112,14231,130730,288459,642662,113494,1044615,427807,441049,390654,1259510,131909,74626,1052975,1259510,641968,199400,140122,64300,1045790,1339411,1480634,697488,496730,47219,33715,1275152,NA,NA,NA,NA,NA
Andhra Pradesh,,check,,,,,,,,,,,,,,,,,,,1289510,630968,199395,140092,64300,1045790,1339438,1480662,697517,496729,47219,33715,1275152,NA,NA,NA,NA,NA
,,,,,,,,,,,,,,,,,,,,,,,,,,,,,,,,,,,,,,
Assam,1,Barpetta,,,,,,,,,,,,,,,,,,,,,,1,,1,1,2,1,1,,,2,,,,,
Assam,2,Cachar,,,,,,,,,,,,,,,,,,,,,,,,,,,,,,,,,,,,
Assam,3,Debrugarh,,,,,,,,,,,,,,,,,,,,,,,,,,,,,,,,,,,,
Assam,4,Dhubri,,,,,,,,,,,,,,,,,,,,,,,,,,,,,,,,,,,,
Assam,5,Goalpara,86,861,51,233,77,78,,406,980,,1386,742,519,125,1386,40,159,1187,1386,,,873,513,1386,482,484,29,23,4,257,313,,,,,
Assam,6,Golaghat,,,,,,,,,,,,,,,,,,,,,,,,,,,,,,,,,,,,
Assam,7,Kamrup,,,,,,,,,,,,,,,,,,,,,,,,,,,,,,,,,,,,
Assam,8,Karbi Anglong,,,,,,,,,,,,,,,,,,,,,,,,,,,,,,,,,,,,
Assam,9,Karimganj,,,,,,,,,,,,,,,,,,,,,,,,,,,,,,,,,,,,
Assam,10,Kokrajhar,,,,,,,,,,,,,,,,,,,,,,,,,,,,,,,,,,,,
Assam,11,Lakhimpur,,,,,,,,,,,,,,,,,,,,,,,,,,,,,,,,,,,,
Assam,12,N.C. Hills,,,,,,,,,,,,,,,,,,,,,,,,,,,,,,,,,,,,
Assam,13,Nagaon,,,,,,,,,,,,,,,,,,,,,,,,,,,,,,,,,,,,
Assam,14,Nalbari,,,,,,,,,,,,,,,,,,,,,,,,,,,,,,,,,,,,
Assam,15,Sibasagar,,,,,,,,,,,,,,,,,,,,,,,,,,,,,,,,,,,,
Assam,16,Sonitpur,,,,,,,,,,,,,,,,,,,,,,,,,,,,,,,,,,,,
Assam,,TOTAL,87,861,51,233,77,78,,407,980,,1387,743,519,125,1387,40,159,1188,1387,,,874,513,1387,483,486,30,24,4,257,315,,,,,
Assam,,check,,,,,,,,,,,,,,,,,,,,0,0,874,513,1387,,,,,,,,,,,,
,,,,,,,,,,,,,,,,,,,,,,,,,,,,,,,,,,,,,,
Bihar,1,Bhojpur,6229,204,116,136,131,135,876,5044,141,1766,6951,877,2740,3334,6951,140,2,6809,6951,445,5071,1435,,6951,14812,24468,9920,7475,516,481,18392,3169,2087,110,79,5445
Bihar,2,Araria,,,,,,,,,,,,,,,,,,,,,,,,0,,,,,,,0,,,,,0
Bihar,3,Aurangabad,6909,767,452,491,570,651,213,7850,302,1688,9840,1449,2876,5515,9840,1260,5,8575,9840,1754,2100,5986,,9840,18797,19134,8994,9076,1466,1290,20826,10386,7119,654,830,18989
Bihar,4,Begusarai,90,3,1,1,NA,NA,NA,95,NA,NA,95,46,32,17,95,1,,94,95,,1,94,,95,103,103,4,96,1,2,103,,,,,0
Bihar,5,Bhagalpur,4525,1039,829,932,764,977,319,7048,900,1118,9066,3319,2772,2975,9066,826,622,7618,9066,960,4135,3971,,9066,13327,16058,7613,7476,796,533,16418,6079,1838,87,132,8136
Bihar,6,Darbhanga,5,NA,NA,NA,4,2,5,11,,,11,,10,1,11,,,11,11,,,11,,11,42,25,8,14,,3,25,70,300,,60,430
Bihar,7,Deoghar,3221,315,214,212,225,329,NA,4255,261,,4516,1249,1808,1459,4516,447,574,3495,4516,33,2980,1503,,4516,7084,7521,3918,2790,156,341,7205,391,286,18,17,712
Bihar,8,Dhanbad,1814,215,194,182,171,456,65,2980,46,6,3032,985,1127,920,3032,460,566,2006,3032,20,396,2616,,3032,3502,2803,1589,791,145,147,2672,171,86,7,8,272
Bihar,9,Dumka,5226,764,468,583,578,1253,391,6469,2395,8,8872,3542,3503,1827,8872,629,4170,4073,8872,79,1024,7769,,8872,7794,7094,3879,2572,579,406,7436,765,317,18,24,1124
Bihar,10,East Champaran,114,10,1,NA,NA,NA,25,115,10,,125,77,24,24,125,16,,109,125,,1,124,,125,90,78,115,93,14,9,231,75,68,69,39,251
Bihar,11,East Singhbhum,857,153,89,124,147,259,239,1608,21,,1629,189,810,630,1629,76,728,825,1629,31,321,1277,,1629,1785,2119,1129,665,91,100,1985,119,69,28,18,234
Bihar,12,Gaya,12107,1441,857,1067,1027,2530,230,14621,591,3817,19029,4142,5846,9041,19029,3527,252,15250,19029,3589,7820,7620,,19029,36362,44718,19415,18647,1205,1610,40877,4252,2885,200,352,7689
Bihar,13,Giridih,9926,2869,1724,1073,1986,2855,151,19369,2045,19,21433,9872,6550,5011,21433,2571,2065,16697,21333,87,5183,16163,,21433,24323,23527,8933,8293,1101,1176,19503,1493,761,100,114,2468
Bihar,14,Gonda,3546,982,354,413,303,444,345,5578,388,76,6042,2075,2359,1608,6042,517,2062,3463,6042,45,768,6229,,7042,5809,6660,2967,2603,301,323,6194,1820,783,19,13,2635
Bihar,15,Gopalganj,2603,86,32,26,27,36,3048,2668,58,84,2810,820,1197,793,2810,206,,2604,2810,,184,2626,,2810,2766,5403,514,2585,,,3099,112,159,,,271
Bihar,16,Gumla,10995,2154,1527,1561,1852,2783,494,16717,4155,,20872,6127,7969,6776,20872,1060,15842,3970,20872,2,1491,19379,,20872,15494,12937,2694,5363,884,685,9626,211,321,6,5,543
Bihar,17,Hazaribagh,21726,5144,3782,4392,4089,5923,193,37688,7145,223,45056,19780,14821,10455,45056,5210,3709,35137,44056,249,10467,34340,,45056,33578,32683,9537,16504,2165,1552,29758,1474,572,93,117,2256
Bihar,18,Jahanabad,5875,937,474,346,308,167,266,4593,98,3416,8107,1289,2399,4419,8107,225,51,7831,8107,1661,4943,1503,,8107,18134,19924,9913,7783,1049,809,19554,6102,2822,478,494,9896
Bihar,19,Katihar,NA,NA,NA,NA,NA,NA,,,,,,,,,,,,,,,,,,0,,,,,,,0,,,,,0
Bihar,20,Khagaria,7,NA,NA,NA,NA,NA,,7,,,7,2,1,4,7,,,7,7,,3,4,,7,8,5,2,2,2,,6,,,,,0
Bihar,21,Kishanganj,NA,NA,NA,NA,NA,NA,,,,,,,,,,,,,,,,,,0,,,,,,,0,,,,,0
Bihar,22,Lohardaga,3333,815,728,973,869,947,17,6961,704,,7665,2571,3290,1804,7665,332,4574,2759,7665,28,1873,5764,,7665,5300,5346,1068,1886,167,72,3193,9,195,,,204
Bihar,23,Madhepura,3,NA,NA,NA,NA,,5,3,,,3,,3,,3,,,3,3,,,3,,3,6,6,2,2,,,4,,,,,0
Bihar,24,Madhubani,12,6,NA,NA,NA,,,18,,,18,2,2,14,18,4,,14,18,,7,11,,18,13,9,3,2,2,2,9,,1,,1,2
Bihar,25,Munger,6804,1300,533,587,696,712,74,9770,490,372,10632,3889,3924,2819,10632,1175,635,8822,10632,873,3072,6687,,10632,14273,15649,6507,,755,482,7744,9268,1929,204,202,11603
Bihar,26,Muzaffarpur,486,123,35,20,4,2,2633,620,50,,670,130,175,365,670,32,,638,670,1,43,626,,670,723,1008,164,465,110,129,868,32,16,1,2,51
Bihar,27,Nalanda,12905,2161,1246,1262,975,636,369,5078,555,13552,19185,4863,6881,7441,19185,581,,18604,19185,4718,13621,846,,19185,48720,58467,31852,24977,2183,1765,60777,2231,1119,66,33,3449
Bihar,28,Nawadah,3228,573,357,423,383,453,203,4538,282,597,5417,1377,1902,2138,5417,738,692,3987,5417,525,9546,3346,,13417,10056,10915,4672,4414,682,407,10175,371,256,55,58,740
Bihar,29,Palmau,16058,2126,1636,1734,1691,3082,1326,24753,1500,74,26327,6346,8568,11413,26327,4826,6138,15363,26327,1838,3867,20622,,26327,31735,31475,11382,19191,3087,1183,34843,1198,901,128,122,2349
Bihar,30,Patna,10020,510,336,301,274,289,657,6573,142,5015,11730,2841,3848,5041,11730,396,2,11332,11730,1785,8119,1826,,11730,22214,27409,14759,9776,1486,1078,27099,1913,1087,520,120,3640
Bihar,31,Purnea,NA,NA,NA,NA,NA,,,,,,,,,,,,,,,,,,,0,,,,,,,0,,,,,0
Bihar,32,Ranchi,11837,2898,2181,2565,2853,4006,502,17896,8444,,26340,9777,10294,6269,26340,957,17116,8267,26340,98,7952,18290,,26340,23814,18974,5926,7644,817,788,15175,422,330,149,81,982
Bihar,33,Rohtas,17193,628,551,663,594,501,1523,14125,248,5757,20130,3343,5359,11428,20130,1142,129,18859,20130,6134,9896,4180,,20210,54741,62046,29961,25369,1960,1295,58585,11622,7811,617,371,20421
Bihar,34,Saharsa,NA,NA,NA,NA,NA,,,,,,,,,,,,,,,,,,,0,,,,,,,0,,,,,0
Bihar,35,Sahebganj,418,136,98,124,238,258,133,1164,86,21,1271,493,454,324,1271,205,813,253,1271,4,384,883,,1271,1202,1077,456,530,73,33,1092,154,61,2,12,229
Bihar,36,Samistipur,146,NA,NA,NA,NA,,7,138,5,3,146,72,24,50,146,9,,137,146,3,18,125,,146,110,117,14,74,22,15,125,13,89,20,21,143
Bihar,37,Saran,7267,242,125,125,100,17,1009,7398,336,142,7876,3696,2717,1463,7876,273,4,7599,7876,41,828,7007,,7876,7922,7916,1719,4862,505,374,7460,433,2064,90,58,2645
Bihar,38,Sitamarhi,87,NA,NA,NA,NA,,24,81,6,,87,28,14,45,87,,,87,87,,2,85,,87,62,69,28,27,2,6,63,,1,,,1
Bihar,39,Siwan,7144,344,116,119,45,131,3007,7338,363,200,7901,2548,2889,2464,7901,326,,7525,7851,2,372,7527,,7901,8727,17746,726,4424,,,5150,624,5100,,,5724
Bihar,40,Vaishali,1671,298,149,152,61,40,331,1074,184,1113,2371,1150,729,492,2371,133,,2238,2371,491,1156,724,,2371,4205,5146,1082,1753,871,947,4653,33,65,5,26,129
Bihar,41,West Champaran,67,NA,NA,NA,NA,,5,56,3,8,67,16,9,42,67,4,8,55,67,,10,57,,67,49,27,19,5,,1,25,13,3,16,,32
Bihar,42,West Singhbhum,1155,292,198,517,413,354,681,2876,53,,2929,910,1021,998,2929,225,1941,763,2929,,374,2555,,2929,4941,3971,2115,1077,150,121,3463,412,63,22,31,528
Bihar,,TOTAL,195609,29535,19403,21104,21378,30227,19366,247176,32007,39075,318258,99892,108947,109419,318258,28529,62700,225879,317108,25496,108028,193814,,327338,442613,492633,203599,199306,23343,18165,444413,65437,41564,3782,3440,114223
Bihar,,check,,,,,,30228,19366,247176,32007,39075,318258,99892,108947,109419,318258,28529,62700,225879,317108,25496,108028,193814,,327338,442623,492633,203599,199306,23343,18165,444413,65437,41564,3782,3440,114223
,,,,,,,,,,,,,,,,,,,,,,,,,,,,,,,,,,,,,,
Goa,1,North Goa,2817,749,166,159,147,92,260,1592,2277,1,3870,3443,450,237,4130,12,,4118,4130,992,103,2500,275,3870,2271,2543,10,356,648,203,1217,,6,19,7,32
Goa,2,South Goa,715,75,61,72,71,80,78,612,380,4,996,584,315,175,1074,,,1074,1074,624,82,283,7,996,914,950,1,81,444,202,728,,,11,,11
Goa,,TOTAL,,,,,,,,,,,,,,,,,,,,1616,185,2783,282,4866,,,,,,,,,,,,
Goa,,check,,,,,,,,,,,,,,,,,,,,1616,185,2783,282,4866,,,,,,,,,,,,
,,,,,,,,,,,,,,,,,,,,,,,,,,,,,,,,,,,,,,
Gujarat,1,Ahmedabad,21546,1073,479,356,394,497,14709,8031,498,1107,9636,1789,3080,19476,24345,871,504,22970,24345,4843,4601,94,98,9636,75682,81893,9283,12092,913,2465,24753,274,259,7,79,619
Gujarat,2,Amreli,49274,1668,1070,888,912,1028,35498,11689,7597,56,19342,4362,9430,41048,54840,1489,1,53350,54840,4687,14267,229,159,19342,145267,148896,8446,12715,3194,1191,25546,452,103,,,555
Gujarat,3,Banskantha,46123,4044,2782,2714,3224,3442,9934,43381,4477,4537,52395,4358,9450,48521,62329,2195,3884,56250,62329,20639,27996,2227,1533,52395,239689,285302,33610,137080,1680,19262,191632,162,260,,13,435
Gujarat,4,Baruch,6265,278,100,105,154,390,2902,2862,154,1374,4390,765,1098,5429,7292,76,2536,4680,7292,3197,1038,116,39,4390,28850,33158,3689,4924,1749,1020,11382,417,231,37,35,720
Gujarat,5,Bhavnagar,67578,3826,1613,1561,1719,1902,65635,6013,6550,1,12564,9448,16336,52415,78199,657,,77542,78199,2777,8610,358,819,12564,188137,200154,6953,16743,122,2483,26301,50,47,,,97
Gujarat,6,Dang,49,2,5,2,5,14,8,59,9,1,69,1,12,64,77,,66,11,77,2,56,,11,69,455,465,41,44,7,4,96,,,,,0
Gujarat,7,Gandhinagar,2304,37,18,15,3,16,1403,930,3,57,990,451,401,1541,2393,11,,2382,2393,979,4,,7,990,9861,12512,1696,2236,268,1419,5619,,,,,0
Gujarat,8,Jamnagar,56266,1170,1259,1388,1138,980,53551,4176,4474,,8650,4200,9715,48286,62201,1405,44,60752,62201,2655,5961,30,4,8650,160989,374935,12412,7639,19,44,20114,,14,,,14
Gujarat,9,Junagadh,96924,2898,1742,1745,1949,2375,47705,52206,7530,192,59928,9685,22456,75492,107633,2069,61,105503,107633,22222,36914,204,588,59928,300314,423389,82704,42768,4203,4827,134502,,21,,,21
Gujarat,10,Kheda,20077,978,510,585,619,1116,3505,14915,1020,4445,20380,4194,5807,13884,23885,425,77,23383,23885,11967,7333,117,963,20380,139204,149963,39432,52831,3574,39051,134888,2426,3045,740,2274,8485
Gujarat,11,Kuchchh,28362,771,804,506,539,1441,9912,16742,795,4974,22511,2656,5268,24499,32423,1113,754,30556,32423,14393,6683,788,647,22511,88764,197325,46332,17534,881,10650,75397,583,223,,247,1053
Gujarat,12,Mehsana,47137,1022,422,307,421,301,35071,12538,784,1217,14539,7398,12163,30049,49610,595,124,48891,49610,9130,4913,316,180,14539,147806,164904,13173,28015,418,8982,50588,862,5207,86,1365,7520
Gujarat,13,Panchmahal,48042,6278,2661,2773,3115,2945,53692,7955,4139,28,12122,10942,16713,38159,65814,1048,25071,39695,65814,1973,5848,2512,1789,12122,133018,163397,4832,13103,123,3128,21186,263,252,21,76,612
Gujarat,14,Rajkot,74675,1792,2353,2500,2473,2265,59383,16243,9992,440,26675,6137,13669,66252,86058,2158,12,83888,86058,6553,19947,42,133,26675,234518,292157,24874,8867,384,363,34488,128,1,,,129
Gujarat,15,Sabarkantha,69604,2077,1839,2161,2029,1853,40463,33671,3782,1647,39100,15844,22577,41142,79563,3750,13477,62336,79563,20923,12107,5414,656,39100,181573,194026,18591,36038,408,4510,59547,158,792,,139,1089
Gujarat,16,Surat,13213,1900,1088,1222,1701,1836,4551,9996,736,5677,16409,3949,5468,11543,20960,418,4893,15649,20960,11427,4310,152,520,16409,46576,47300,12614,3816,20178,770,37378,212,6,187,,405
Gujarat,17,Surendranagar,41057,376,591,827,823,613,15828,12460,14001,1998,28459,1523,4291,38473,44287,1542,18,42727,44287,7940,18142,1081,1296,28459,102733,118271,34497,10663,394,1838,47392,47,54,,56,157
Gujarat,18,Vadodara,14521,646,699,747,986,1345,7560,9784,879,721,11384,2745,3843,12356,18944,127,5092,13725,18944,6662,4195,289,238,11384,81895,96640,21139,23202,1855,11283,57479,26,83,,18,127
Gujarat,19,Valsad,12771,1968,607,676,856,1332,2613,13854,404,1339,15597,4023,4396,9791,18210,293,6327,11590,18210,10915,3509,217,956,15597,34627,37694,10016,5155,8270,2499,25940,20,46,34,66,166
Gujarat,,TOTAL,715788,32804,20642,21078,23060,25691,463923,277505,67824,28811,374140,94470,166173,578420,839063,20242,62941,755880,839063,163884,186434,14186,10636,375140,2339958,3022381,384334,435465,48640,115789,984228,6080,10644,1112,4368,22204
Gujarat,,check,715788,32804,20642,21078,23060,25691,463923,277505,67824,29811,375140,94470,166173,578420,839063,20242,62941,755880,839063,163884,186434,14186,10636,375140,2339958,3022381,384334,435465,48640,115789,984228,6080,10644,1112,4368,22204
,,,,,,,,,,,,,,,,,,,,,,,,,,,,,,,,,,,,,,
Haryana,1,Ambala,127,23,,,,,82,65,,3,68,33,42,75,150,,,150,150,90,1,57,2,150,92,137,62,71,,,133,,,,,
Haryana,2,Bhiwani,2154,237,477,682,808,346,120,4582,2,,4584,278,864,3562,4704,54,,4650,4704,4614,17,,73,4704,12139,13136,6569,14927,437,9,21942,23697,29052,289,211,53249
Haryana,3,Faridabad,,,,,,,,,,,,,,,,,,,,,,,,,,,,,,,,,,,,
Haryana,4,Gurgaon,3222,532,590,658,615,620,4785,1079,,373,1452,1904,1989,2344,6237,103,,6134,6237,4670,1562,2,3,6237,9291,10176,2120,8023,33,,10176,,,,,
Haryana,5,Hissar,,,,,,,,,,,,,,,,,,,,,,,,,,,,,,,,,,,,
Haryana,6,Jind,,,,,,,,,,,,,,,,,,,,,,,,,,,,,,,,,,,,
Haryana,7,Karnal,4579,,,,,,4579,,,,,131,541,3907,4579,143,,4436,4579,3638,941,,,4579,,,,,,,,,,,,
Haryana,8,Kurukshetra,1479,,,,,,1328,,,151,151,389,166,924,1479,,,1479,1479,1275,204,,,1479,404,377,275,300,44,13,632,,,,,
Haryana,9,M/Garh,20167,392,405,398,446,425,401,2744,4482,14606,21832,3701,5509,13023,22233,1190,,21043,22333,22233,,,,22233,59156,62446,4294,48300,,,52594,,,,,
Haryana,10,Rohtak,,,,,,,,,,,,,,,,,,,,,,,,,,,,,,,,,,,,
Haryana,11,Sirsa,43,,,,,,,43,,,43,,,43,43,,,43,43,2,41,,,43,143,152,75,70,,,145,289,312,,,601
Haryana,12,Soniput,,,,,,,,,,,,,,,,,,,,,,,,,,,,,,,,,,,,
Haryana,,TOTAL,31771,1184,1472,1738,1869,1391,11295,8513,4484,15133,28130,6436,9111,23878,39425,1490,,37935,39425,36522,2766,59,78,39425,81225,86424,13395,71691,514,22,85622,23986,29364,289,211,53850
Haryana,,check,31771,1184,1472,1738,1869,1391,11295,8513,4484,15133,28130,6436,9111,23878,39425,1490,0,37935,39525,36522,2766,59,78,39425,81225,86424,13395,71691,514,22,85622,23986,29364,289,211,53850
,,,,,,,,,,,,,,,,,,,,,,,,,,,,,,,,,,,,,,
Himachal Pradesh,1,Balaspur,161,2,12,10,4,1,9,175,6,,181,29,70,91,190,8,,182,190,118,63,5,4,190,147,253,55,94,,2,151,,4,,,4
Himachal Pradesh,2,Chamba,,,,,,,,,,,,,,,,,,,,,,,,,,,,,,,,,,,,
Himachal Pradesh,3,Hamirpur,148,3,13,7,4,7,,112,70,,182,68,48,66,182,6,2,174,182,93,18,64,7,182,55,94,39,40,,,79,,,,,
Himachal Pradesh,4,Kangra,20,,,,,,,,20,,20,20,,,20,,,20,20,14,4,2,,20,85,161,75,75,10,,160,,,,,
Himachal Pradesh,5,Kinnaur,,,,,,,,,,,,,,,,,,,,,,,,,,,,,,,,,,,,
Himachal Pradesh,6,Kulu,4,,,1,,,1,4,,,4,1,2,2,5,,,5,5,1,,4,,5,9,14,5,5,3,,13,,,,,
Himachal Pradesh,7,Lahul Spiti,,,,,,,,,,,,,,,,,,,,,,,,,,,,,,,,,,,,
Himachal Pradesh,8,Mandi,25,,,,,,,25,,,25,12,9,4,25,7,,18,25,21,4,,,25,51,95,48,47,,,95,,,,,
Himachal Pradesh,9,Shimla,,,,,,,,,,,,,,,,,,,,,,,,,,,,,,,,,,,,
Himachal Pradesh,10,Sirmaur,190,1,1,2,1,4,62,137,,,137,9,40,150,199,12,4,183,199,175,17,,7,199,842,1465,543,589,55,7,1194,99,98,13,,210
Himachal Pradesh,11,Solan,214,8,15,28,4,16,23,223,25,14,262,59,103,123,285,40,7,238,285,174,80,23,8,285,849,1185,399,618,51,11,1079,,,,,
Himachal Pradesh,12,Una,1127,5,21,14,19,17,75,908,73,147,1128,441,345,417,1203,32,,1171,1203,391,293,517,2,1203,1329,2095,532,902,68,197,1699,5,7,1,1,14
Himachal Pradesh,,TOTAL,1889,19,62,62,32,45,170,1584,194,161,1939,639,617,853,2109,105,13,1991,2109,987,479,615,28,2109,3367,5362,1696,2370,187,,4470,104,109,14,1,228
Himachal Pradesh,,check,1889,19,62,62,32,45,170,1584,194,161,1939,639,617,853,2109,105,13,1991,2109,987,479,615,28,2109,3367,5362,1696,2370,187,217,4470,104,109,14,1,228
,,,,,,,,,,,,,,,,,,,,,,,,,,,,,,,,,,,,,,
Jammu & Kashmir,1,Anantnag,,,,,,,,,,,,,,,,,,,,,,,,,,,,,,,,,,,,
Jammu & Kashmir,2,Baramulla,179,,1,,,3,6,51,126,,177,,,183,183,,,183,183,,9,170,4,183,121,71,61,3,,,64,,,,,
Jammu & Kashmir,3,Budgam,66,,18,9,3,1,,,97,,97,,,97,97,,,97,97,,,97,,97,13,13,13,,,,13,,,,,
Jammu & Kashmir,4,Doda,,,,,,,,,,,,,,,,,,,,,,,,,,,,,,,,,,,,
Jammu & Kashmir,5,Jammu,22,20,2,7,4,,4,28,23,,51,22,17,16,55,8,,47,55,22,23,6,4,55,112,115,104,94,,,198,,,,,
Jammu & Kashmir,6,Kargil,,,,,,,,,,,,,,,,,,,,,,,,,,,,,,,,,,,,
Jammu & Kashmir,7,Kathua,166,5,18,27,21,8,,192,28,25,245,73,47,125,245,37,,208,245,215,17,9,4,245,349,545,289,281,2,4,576,41,39,,,80
Jammu & Kashmir,8,Kupwara,,,,,,,,,,,,,,,,,,,,,,,,,,,,,,,,,,,,
Jammu & Kashmir,9,Leh,,,,,,,,,,,,,,,,,,,,,,,,,,,,,,,,,,,,
Jammu & Kashmir,10,Poonch,,,,,,,,,,,,,,,,,,,,,,,,,,,,,,,,,,,,
Jammu & Kashmir,11,Pfilwama,19,48,,,,1,,,68,,68,,,68,68,,,68,68,,,68,,68,33,33,7,26,,,33,54,206,,,260
Jammu & Kashmir,12,Rajouri,,,,,,,,,,,,,,,,,,,,,,,,,,,,,,,,,,,,
Jammu & Kashmir,13,Udhampur,1,,,,,,,1,,,1,,,1,1,,,1,1,,,1,,1,10,10,5,5,,,10,,,,,
Jammu & Kashmir,14,Srinagar,655,6,3,7,15,1,22,30,635,,665,551,86,50,687,,,687,687,,,687,,687,76,138,69,69,,,138,,,,,
Jammu & Kashmir,,TOTAL,1108,79,42,50,43,14,32,302,977,25,1304,646,150,540,1336,45,,1291,1336,237,49,1038,12,1336,714,925,548,478,2,4,1032,95,245,,,340
Jammu & Kashmir,,check,1108,79,42,50,43,14,32,302,977,25,1304,646,150,540,1336,45,0,1291,1336,237,49,1038,12,1336,714,925,548,478,2,4,1032,95,245,0,0,340
,,,,,,,,,,,,,,,,,,,,,,,,,,,,,,,,,,,,,,
Karnataka,1,Bangalore (R),20320,2435,1601,1374,917,528,3136,14758,7163,2118,24039,9822,8476,8877,27175,1160,618,25397,27175,23284,1800,1605,486,27175,27086,29480,15034,3174,6450,2215,26873,1384,208,229,219,2040
Karnataka,2,Bangalore (U),7944,572,380,201,142,116,1846,5269,1245,995,7509,2884,2514,3957,9355,325,106,8924,9355,6885,235,1290,945,9355,9300,9544,3157,1354,2746,1344,8601,73,21,57,32,183
Karnataka,3,Belgaum,51313,2991,2458,2225,1531,901,7174,6587,47077,582,54246,8514,14922,37984,61420,1543,568,59309,61420,46251,6368,4575,3394,60588,95539,97555,49103,14039,4393,4893,72428,3124,1363,618,543,5648
Karnataka,4,Bellary,6975,331,495,683,726,523,884,2089,2236,4524,8849,760,2477,6496,9733,626,49,9058,9733,8952,54,134,593,9733,20361,30432,16618,4096,728,8768,30210,748,277,27,251,1303
Karnataka,5,Bidar,12837,795,685,743,675,591,1240,4953,10059,74,15086,1226,4280,10820,16326,597,27,15702,16326,15185,282,67,792,16326,31061,31061,12982,4987,2857,2808,23634,38,8,,,46
Karnataka,6,Bijapur,30867,4015,2800,2667,2110,1252,3784,3273,35168,1486,39927,4514,11075,28122,43711,2622,91,40998,43711,37063,1818,3618,1205,43704,86363,88123,29682,23399,2574,2989,58644,1,2,,1,4
Karnataka,7,Chickmagalur,1897,132,162,210,259,126,156,831,1570,229,2630,637,688,1461,2786,26,29,2731,2786,1766,697,133,181,2777,4378,4429,971,109,2551,383,4014,84,9,297,7,397
Karnataka,8,Chitradurga,11349,787,539,464,387,495,737,2028,5100,6156,13284,1800,3577,8677,14054,614,1868,11539,14021,12473,536,176,565,13750,28584,33584,16899,3740,3112,3462,27213,184,12,5,78,279
Karnataka,9,D. Kannada,25753,3660,3951,2779,1830,798,240,15796,22566,169,38531,13165,12392,13214,38771,198,886,37687,38771,19460,16724,2263,268,38715,46558,47727,1976,20744,18166,4108,44994,314,2282,993,269,3858
Karnataka,10,Dharwad,7989,466,449,436,490,362,2486,1817,3721,2168,7706,1898,3103,5191,10192,270,171,9751,10192,7209,581,159,2243,10192,13513,17041,8579,2789,771,3425,15564,90,52,14,10,166
Karnataka,11,Gulbarga,18251,1323,1086,1124,812,463,5942,3938,12866,313,17117,1744,5346,15969,23059,1811,263,20985,23059,11180,4916,2849,2935,21880,39002,40809,14860,10062,1321,1227,27470,270,60,12,9,351
Karnataka,12,Hassan,2336,282,238,302,321,196,254,1995,1236,190,3421,639,1050,1986,3675,122,100,3453,3675,2347,626,410,163,3546,5143,5170,1600,388,2199,356,4543,226,11,118,23,378
Karnataka,13,Kodagu,56,59,135,54,59,50,11,106,293,3,402,17,55,341,413,7,1,405,413,245,143,21,4,413,1718,1718,130,45,1367,108,1650,,,3,,3
Karnataka,14,Kolar,37365,1716,1817,1280,786,402,10741,13646,12588,6381,32615,10652,13566,19148,43366,3439,1892,38035,43366,34007,935,4965,3459,43366,41296,48940,21940,6847,2229,3657,34673,577,267,75,26,945
Karnataka,15,Mandya,6156,534,585,373,283,306,478,3086,4165,508,7759,1986,2800,3451,8237,254,72,7911,8237,6025,1187,449,279,7940,8223,9753,4427,1958,1214,940,8539,13,1,6,4,24
Karnataka,16,Mysore,10821,1457,1055,961,881,573,965,3785,5798,4660,14243,2110,6097,7001,15208,731,80,14397,15208,13862,475,402,347,15086,25534,29427,14664,3940,6252,1652,26508,164,,53,12,229
Karnataka,17,Raichur,10562,1105,1016,1241,1473,1324,2013,1818,9949,2941,14708,1579,4588,10554,16721,1176,493,15052,16721,12561,634,1140,1373,15708,26583,31654,18429,3615,544,7623,30211,160,2,54,60,276
Karnataka,18,Shimoga,2627,280,380,352,415,355,404,1436,1780,789,4005,1247,1006,2156,4409,103,47,4259,4409,3328,462,241,343,4374,6322,6632,2724,230,2616,420,5990,234,7,28,45,314
Karnataka,19,Tumkur,32152,2878,3024,2489,2208,1457,5743,21093,11130,6242,38465,11226,12261,20721,44208,2514,2595,39099,44208,34879,2701,2710,3365,43655,49868,52053,22052,4946,11425,2036,40459,838,1046,675,264,2823
Karnataka,20,U. Kannada,9891,526,918,782,591,366,101,7729,5239,5,12973,8195,2586,2293,13074,238,813,12023,13074,5831,1210,5757,276,13074,5131,5131,643,279,3459,390,4771,24,11,60,,95
Karnataka,,TOTAL,306921,26344,23774,20740,16896,11184,48335,116033,200949,40533,357515,84615,112859,208419,405893,18376,10769,376715,405860,302793,42384,32964,23216,401357,571563,620263,256470,110741,76974,52804,496989,8546,5639,3324,1853,19362
Karnataka,,check,307461,26344,23774,20740,16896,11184,48335,116033,200949,40533,357515,84615,112859,208419,405893,18376,10769,376715,405860,302793,42384,32964,23216,401357,571563,620263,256470,110741,76974,52804,496989,8546,5639,3324,1853,19362
,,,,,,,,,,,,,,,,,,,,,,,,,,,,,,,,,,,,,,
Madhya Pradesh,1,Baitul,26934,1650,1726,1453,1262,989,,16630,17379,5,34014,,,,,,,,,15852,4756,13406,,34014,46302,42596,1270,34670,2957,4,38901,,,,,
Madhya Pradesh,2,Balaghat,4513,655,492,443,388,287,1059,6305,441,32,6778,,,,,,,,,2742,1459,1656,921,6778,8589,8589,5485,1553,22,14,7074,,,,,
Madhya Pradesh,3,Baster,5881,312,249,258,243,153,1264,4364,2711,21,7096,,,,,,,,,187,440,6150,319,7096,2928,1940,172,1172,2,,1346,,,,,
Madhya Pradesh,4,Bhind,6531,524,460,540,456,520,8847,5835,64,3132,9031,,,,,,,,,5508,1590,1866,66,9030,43511,33006,402,27037,4,5,27448,,,,,
Madhya Pradesh,5,Bhopal,4240,639,699,691,605,357,,5201,1658,372,7231,,,,,,,,,5437,1745,49,,7231,22894,17472,849,13915,27,34,14825,,,,,
Madhya Pradesh,6,Bilaspur,6057,430,467,401,287,464,1161,6201,1481,424,8106,,,,,,,,,2569,1077,3959,501,8106,7791,8589,6062,2271,74,140,8547,,,,,
Madhya Pradesh,7,Chatturpur,36763,1035,1303,1447,1172,744,3268,41076,1328,60,42464,,,,,,,,,11290,4385,26573,216,42464,90266,77647,259,74015,26,13,74313,,,,,
Madhya Pradesh,8,Chhindwara,34695,3630,2872,2532,2389,1908,15692,30228,17690,108,48026,,,,,,,,,26441,642,20860,83,48026,68130,68130,10447,34337,1481,98,46363,,,,,
Madhya Pradesh,9,Damoh,2955,395,452,514,377,290,1313,4798,120,65,4983,,,,,,,,,2478,1798,652,55,4983,8172,6749,111,6457,,100,6668,,,,,
Madhya Pradesh,10,Datia,6400,580,768,923,600,585,2645,8046,672,1138,9856,,,,,,,,,3387,2357,4112,,9856,36766,22495,2356,19250,882,8,22496,,,,,
Madhya Pradesh,11,Devas,17936,1186,1740,1585,1358,870,3960,9864,13736,1075,24675,,,,,,,,,22714,1634,318,9,24675,62141,54864,8055,40218,35,6,48314,,,,,
Madhya Pradesh,12,Dhar,24284,1991,2018,1881,1335,864,10618,7890,24020,463,32373,,,,,,,,,19488,4948,7911,26,32373,72450,55352,18656,21589,522,66,40833,,,,,
Madhya Pradesh,13,Durg,7066,446,313,353,395,300,1312,6142,2262,469,8873,,,,,,,,,3554,1051,3486,782,8873,10565,10425,7417,2673,140,82,10312,,,,,
Madhya Pradesh,14,Guna,10721,1149,1350,1326,1088,841,2172,13757,2658,60,16475,,,,,,,,,4268,3541,8545,121,16475,25718,22621,924,19487,36,5,20452,,,,,
Madhya Pradesh,15,Gwalior,8815,930,819,902,550,490,5223,11776,230,500,12506,,,,,,,,,7621,2642,2073,170,12506,32475,30666,3076,28720,35,15,31846,,,,,
Madhya Pradesh,16,Hoshangabad,11465,953,841,1033,807,600,,13689,799,1211,15699,,,,,,,,,11620,3262,781,36,15699,28751,22917,1392,22297,60,781,24530,,,,,
Madhya Pradesh,17,Indore,14517,863,877,715,445,210,1847,9144,5504,2979,17627,,,,,,,,,17582,26,19,,17627,44024,38610,2779,34509,277,19,37584,,,,,
Madhya Pradesh,18,Jabalpur,5458,1068,804,834,630,448,1107,8162,697,383,9242,,,,,,,,,5617,2055,1462,108,9242,16411,16865,874,15690,107,65,16736,,,,,
Madhya Pradesh,19,Jhabua,6949,381,428,498,331,153,13764,3449,5290,1,8740,,,,,,,,,2577,3619,2490,54,8740,12690,11809,1503,6133,8,,7644,,,,,
Madhya Pradesh,20,Mandla,1659,132,85,80,56,198,345,1561,518,131,2210,,,,,,,,,847,242,1108,13,2210,2425,2425,696,860,106,10,1672,,,,,
Madhya Pradesh,21,Mandsaur,82255,4396,4731,4457,3634,3578,5846,40787,61987,277,103051,,,,,,,,,63901,18366,20276,508,103051,153711,137544,4602,123917,640,43,129202,,,,,
Madhya Pradesh,22,Morena,11278,1660,1547,1177,765,540,4332,13788,465,2714,16967,,,,,,,,,8894,4323,3733,17,16967,62869,60961,2101,56785,1401,14,60301,,,,,
Madhya Pradesh,23,Narsinghpur,6277,835,1014,972,751,614,904,9711,242,510,10463,,,,,,,,,9227,1073,157,6,10463,30302,30302,1094,23760,1365,42,26261,,,,,
Madhya Pradesh,24,Khandba,18393,2750,2736,2921,1935,1360,12754,15496,14400,199,30095,,,,,,,,,20698,8015,1344,38,30095,73457,63030,27783,27775,99,,55657,,,,,
Madhya Pradesh,25,Khargon,31791,4777,4220,4236,3482,3206,12889,21715,29376,621,51712,,,,,,,,,35542,13630,2506,34,51712,128989,114891,50688,31625,619,15,82947,,,,,
Madhya Pradesh,26,Panna,5411,318,306,321,196,164,652,5644,1058,14,6716,,,,,,,,,2354,2761,1493,108,6716,8501,6691,362,6337,48,,6747,,,,,
Madhya Pradesh,27,Raigarh,14162,275,469,447,354,228,1512,11950,3903,82,15935,,,,,,,,,363,893,14664,15,15935,9873,4257,276,2342,37,9,2664,,,,,
Madhya Pradesh,28,Raipur,20925,853,730,842,633,1090,3707,16624,7491,958,25073,,,,,,,,,3422,2456,18315,880,25073,14204,12575,6356,5707,164,152,12379,,,,,
Madhya Pradesh,29,Raisen,1687,226,273,368,351,261,,2710,442,14,3166,,,,,,,,,943,2037,185,1,3166,6436,6436,23,4817,33,,4873,,,,,
Madhya Pradesh,30,Rajgarh,27903,2327,2740,2809,2289,1883,,23315,16332,304,39951,,,,,,,,,18202,2463,18854,432,39951,68387,56586,2455,47334,173,1,49963,,,,,
Madhya Pradesh,31,Rajnadgaon,7846,312,326,262,324,378,5547,5552,3813,83,9448,,,,,,,,,1229,793,2035,5391,9448,5835,4543,2918,460,276,10,3664,,,,,
Madhya Pradesh,32,Ratlam,23103,1514,1579,1563,1445,944,5546,13156,16640,352,30148,,,,,,,,,23332,2660,4102,54,30148,65969,63018,6600,40041,1520,234,48395,,,,,
Madhya Pradesh,33,Reva,3111,939,821,1308,792,537,315,6536,490,482,7508,,,,,,,,,4768,1714,785,241,7508,13138,11411,72,10068,15,,10155,,,,,
Madhya Pradesh,34,Sagar,10422,1111,1298,1518,1390,1034,1361,15245,1477,51,16773,,,,,,,,,7388,7754,976,655,16773,36175,24843,485,18974,614,27,20100,,,,,
Madhya Pradesh,35,Sarguja,37234,2172,1891,1831,1364,939,5854,22752,22676,3,45431,,,,,,,,,433,425,44365,208,45431,10019,6666,51,3976,2,62,4091,,,,,
Madhya Pradesh,36,Satna,4161,678,808,927,659,656,577,6882,752,255,7889,,,,,,,,,4841,1437,1232,379,7889,19855,15515,114,12807,44,1,12966,,,,,
Madhya Pradesh,37,Seedhi,7366,745,680,588,460,411,1823,8360,1779,111,10250,,,,,,,,,2250,801,6723,476,10250,7246,5277,629,4768,19,637,6053,,,,,
Madhya Pradesh,38,Sehor,8837,1652,2017,2150,1588,1359,,12019,5296,288,17603,,,,,,,,,16024,1508,64,7,17603,51211,43980,4456,34913,2,1,39372,,,,,
Madhya Pradesh,39,Shahdoh,6400,364,265,510,454,364,257,5630,2724,3,8357,,,,,,,,,1277,615,6318,147,8357,4267,3311,39,2812,47,4,2902,,,,,
Madhya Pradesh,40,Shajapur,24194,2275,2109,2407,2194,1668,4921,23084,11235,528,34847,,,,,,,,,25545,2968,6328,6,34847,75485,61519,1762,59274,438,45,61519,,,,,
Madhya Pradesh,41,Shivpuri,38144,2315,2128,1871,1195,763,5830,37895,8347,174,46416,,,,,,,,,7744,4232,34429,11,46416,89401,78382,7132,53208,85,3,60428,,,,,
Madhya Pradesh,42,Sivni,5420,364,512,453,456,406,4031,4877,2723,11,7611,,,,,,,,,3146,1650,2740,75,7611,17411,17411,1619,5197,164,162,7142,,,,,
Madhya Pradesh,43,Teekamgarh,39216,3158,3288,2781,2250,1648,3114,46280,5960,101,52341,,,,,,,,,8574,2076,41690,1,52341,103336,85139,8127,73777,1,1,81906,,,,,
Madhya Pradesh,44,Ujjain,19893,1844,2116,2285,1754,1441,3501,14190,11686,3457,29333,,,,,,,,,26975,1219,1091,48,29333,80718,67973,2285,58170,370,209,61034,,,,,
Madhya Pradesh,45,Vedesha,2130,408,341,345,347,287,,3751,103,4,3858,,,,,,,,,1123,2345,376,14,3858,6781,6139,393,4463,24,,4880,,,,,
Madhya Pradesh,,TOTAL,701398,57217,57708,57758,45836,37030,160870,602067,330655,24225,956947,,,,,,,,,469974,131483,342257,13232,956946,1783575,1542167,205207,1120160,15001,3137,1343505,,,,,
Madhya Pradesh,,check,701398,57217,57708,57758,45836,37030,160870,602067,330655,24225,956947,0,0,0,0,0,0,0,0,469974,131483,342257,13232,956946,1786575,1542167,205207,1120160,15001,3137,1343505,0,0,0,0,0
,,,,,,,,,,,,,,,,,,,,,,,,,,,,,,,,,,,,,,
Maharashtra,1,Ahmednagar,101811,7969,8400,7068,6817,5063,13018,,,,,,,,,,,,,94980,20586,6867,3874,126307,,,,,,,,,,,,
Maharashtra,2,Akola,24970,1001,1288,1236,1423,1113,5115,,,,,,,,,,,,,19808,2112,400,615,22935,,,,,,,,,,,,
Maharashtra,3,Amravati,41736,2849,2337,1987,1424,1722,9179,,,,,,,,,,,,,43786,568,561,340,45255,,,,,,,,,,,,
Maharashtra,4,Aurangabad,57426,4242,4136,4290,4273,4075,16869,,,,,,,,,,,,,49767,2914,4928,3964,61573,,,,,,,,,,,,
Maharashtra,5,Bandhara,9721,594,495,510,393,355,4761,,,,,,,,,,,,,8160,1451,1946,782,12339,,,,,,,,,,,,
Maharashtra,6,Beed,31801,3849,2864,3153,3264,3052,4969,,,,,,,,,,,,,27739,6538,7060,6646,47983,,,,,,,,,,,,
Maharashtra,7,Buldhana,30074,4034,3949,3706,3150,2858,6341,,,,,,,,,,,,,32253,3055,708,966,36982,,,,,,,,,,,,
Maharashtra,8,Chandrapur,4617,388,268,340,358,411,1323,,,,,,,,,,,,,2754,1793,1102,733,6382,,,,,,,,,,,,
Maharashtra,9,Dhule,,,,,,,9241,,,,,,,,,,,,,33223,1836,638,670,36367,,,,,,,,,,,,
Maharashtra,10,Gadchiroli,3308,203,147,164,109,54,357,,,,,,,,,,,,,359,715,2641,270,3985,,,,,,,,,,,,
Maharashtra,11,Jalgaon,71591,2707,2197,2722,2608,3409,24801,,,,,,,,,,,,,56017,4338,2642,618,63615,,,,,,,,,,,,
Maharashtra,12,Jalna,31104,4117,2556,3153,3228,3288,8805,,,,,,,,,,,,,25684,7689,5441,8632,47446,,,,,,,,,,,,
Maharashtra,13,Kolhapur,25965,1641,918,888,791,804,4123,,,,,,,,,,,,,17480,9397,310,1209,28396,,,,,,,,,,,,
Maharashtra,14,Latur,16184,961,721,920,962,547,10311,,,,,,,,,,,,,21974,2020,653,631,25278,,,,,,,,,,,,
Maharashtra,15,Nagpur,35349,1593,922,961,837,1098,6142,,,,,,,,,,,,,29991,1024,3058,1307,35380,,,,,,,,,,,,
Maharashtra,16,Nanded,20522,1181,1031,1024,1316,1460,4599,,,,,,,,,,,,,13513,413,863,3980,18769,,,,,,,,,,,,
Maharashtra,17,Nashik,30012,3037,11590,2126,2796,1835,18017,,,,,,,,,,,,,80890,18428,5813,2515,107646,,,,,,,,,,,,
Maharashtra,18,Osmanabad,29701,2817,1820,1584,1370,1331,6781,,,,,,,,,,,,,27220,5266,1241,97,33824,,,,,,,,,,,,
Maharashtra,19,Parbhani,29452,2366,1677,1936,1866,1736,5788,,,,,,,,,,,,,22809,2983,6023,1505,33320,,,,,,,,,,,,
Maharashtra,20,Pune,58588,6033,4005,40625,5204,5134,5770,,,,,,,,,,,,,40070,3522,6167,1331,51090,,,,,,,,,,,,
Maharashtra,21,Raigad,4314,84,58,66,77,30,23,,,,,,,,,,,,,3312,58,340,9,3719,,,,,,,,,,,,
Maharashtra,22,Ratnagiri,,,,,,,16,,,,,,,,,,,,,2649,41,1401,75,4166,,,,,,,,,,,,
Maharashtra,23,Sangli,68222,1971,1812,1676,1325,887,14528,,,,,,,,,,,,,38684,13648,7113,551,59996,,,,,,,,,,,,
Maharashtra,24,Satara,46171,2229,1753,1837,1895,1696,6598,,,,,,,,,,,,,24303,21573,856,1530,48262,,,,,,,,,,,,
Maharashtra,25,Sindhudurg,2147,189,154,123,213,245,57,,,,,,,,,,,,,1649,381,1037,4,3071,,,,,,,,,,,,
Maharashtra,26,Solapur,70029,16146,5659,4634,3613,2925,7525,,,,,,,,,,,,,52089,27001,2480,404,81974,,,,,,,,,,,,
Maharashtra,27,Thane,7223,257,275,394,361,948,1009,,,,,,,,,,,,,4443,536,2122,1087,8188,,,,,,,,,,,,
Maharashtra,28,Wardha,16657,6023,4293,2916,2330,2372,7800,,,,,,,,,,,,,19272,1515,369,331,21487,,,,,,,,,,,,
Maharashtra,29,Yavatmal,17288,7032,2266,1580,1281,1162,8753,,,,,,,,,,,,,17759,2034,281,883,20957,,,,,,,,,,,,
Maharashtra,,TOTAL,885983,85513,67591,91619,53284,49610,212619,,,,,,,,,,,,,812637,163435,75061,45559,1096692,,,,,,,,,,,,
Maharashtra,,check,885983,85513,67591,91619,53284,49610,212619,812637,0,0,0,0,0,0,0,0,0,0,0,812637,163435,75061,45559,1096692,0,0,0,0,0,0,0,0,0,0,0,0
,,,,,,,,,,,,,,,,,,,,,,,,,,,,,,,,,,,,,,
Meghalaya,1,East Garo Hills,,,,,,,,,,,,,,,,,,,,,,,,,,,,,,,,,,,,
Meghalaya,2,East Khasi Hills,,,,,,,,,,,,,,,,,,,,,,42,,42,,,,,,,,,,,,
Meghalaya,3,Jaintia Hills,,,,,,,,,,,,,,,,,,,,,,,,,,,,,,,,,,,,
Meghalaya,4,West Garo Hills,,,,,,,,,,,,,,,,,,,,,,7,,7,,,,,,,,,,,,
Meghalaya,5,West Khasi Hills,,,,,,,,,,,,,,,,,,,,,,,,,,,,,,,,,,,,
Meghalaya,,TOTAL,,,,,,,,,,,,,,,,,,,,,,49,,49,,,,,,,,,,,,
Meghalaya,,check,,,,,,,,,,,,,,,,,,,,,,49,0,49,,,,,,,,,,,,
,,,,,,,,,,,,,,,,,,,,,,,,,,,,,,,,,,,,,,
Nagaland,1,Kohima,,,,,,,,,,,,,,,,,,,,,15,272,,287,,,,,,,,,,,,
Nagaland,2,Lunheleoto,,,,,,,,,,,,,,,,,,,,,,,,0,,,,,,,,,,,,
Nagaland,3,Moko chung,,,,,,,,,,,,,,,,,,,,,,,,0,,,,,,,,,,,,
Nagaland,4,Mon,,,,,,,,,,,,,,,,,,,,,,,,0,,,,,,,,,,,,
Nagaland,5,Phek,,,,,,,,,,,,,,,,,,,,,,,,0,,,,,,,,,,,,
Nagaland,6,Thensan,,,,,,,,,,,,,,,,,,,,,,,,0,,,,,,,,,,,,
Nagaland,7,Wokha,,,,,,,,,,,,,,,,,,,,,,,,0,,,,,,,,,,,,
Nagaland,,TOTAL,,,,,,,,,,,,,,,,,,,,,15,272,,287,,,,,,,,,,,,
Nagaland,,check,,,,,,,,,,,,,,,,,,,,,15,272,0,287,,,,,,,,,,,,
,,,,,,,,,,,,,,,,,,,,,,,,,,,,,,,,,,,,,,
Orissa,1,Balasore,,,,,,,,,,,,,,,,,,,,30,18,648,292,988,,,,,,,,,,,,
Orissa,2,Bolangir,,,,,,,,,,,,,,,,,,,,1476,1210,24877,18008,45571,,,,,,,,,,,,
Orissa,3,Cuttack,,,,,,,,,,,,,,,,,,,,268,242,7743,114,8367,,,,,,,,,,,,
Orissa,4,Dhenkanal,,,,,,,,,,,,,,,,,,,,1420,386,18402,228,20436,,,,,,,,,,,,
Orissa,5,Ganjam,,,,,,,,,,,,,,,,,,,,2011,347,28552,1,30911,,,,,,,,,,,,
Orissa,6,Kalahandi,,,,,,,,,,,,,,,,,,,,331,405,14302,,15038,,,,,,,,,,,,
Orissa,7,Keonjihar,,,,,,,,,,,,,,,,,,,,123,10,10232,132,10497,,,,,,,,,,,,
Orissa,8,Koraput,,,,,,,,,,,,,,,,,,,,135,107,14077,9,14328,,,,,,,,,,,,
Orissa,9,Mayurbhanj,,,,,,,,,,,,,,,,,,,,254,265,4868,14,5401,,,,,,,,,,,,
Orissa,10,Phulbani,,,,,,,,,,,,,,,,,,,,232,387,14202,6,14827,,,,,,,,,,,,
Orissa,11,Puri,,,,,,,,,,,,,,,,,,,,495,229,17907,2074,20705,,,,,,,,,,,,
Orissa,12,Sambalpur,,,,,,,,,,,,,,,,,,,,958,965,23772,,25695,,,,,,,,,,,,
Orissa,13,Sundargarh,,,,,,,,,,,,,,,,,,,,859,655,10771,2191,14476,,,,,,,,,,,,
Orissa,,TOTAL,,,,,,,,,,,,,,,,,,,,8592,5226,190353,23069,227240,,,,,,,,,,,,
Orissa,,check,,,,,,,,,,,,,,,,,,,,8592,5226,190353,23069,227240,,,,,,,,,,,,
,,,,,,,,,,,,,,,,,,,,,,,,,,,,,,,,,,,,,,
Punjab,1,Amritsar,,,,,,,,,,,,,,,,,,,,,,,,0,,,,,,,,,,,,
Punjab,2,Bathinda,,,,,,,,,,,,,,,,,,,,,,,,0,,,,,,,,,,,,
Punjab,3,Fardkot,,,,,,,,,,,,,,,,,,,,,,,,0,,,,,,,,,,,,
Punjab,4,Ferozipur,,,,,,,,,,,,,,,,,,,,,,,,0,,,,,,,,,,,,
Punjab,5,Gurdaspur,,,,,,,,,,,,,,,,,,,,797,450,16,10,1273,,,,,,,,,,,,
Punjab,6,Hoshiarpur,,,,,,,,,,,,,,,,,,,,857,513,176,41,1587,,,,,,,,,,,,
Punjab,7,Jalandhar,,,,,,,,,,,,,,,,,,,,198,57,288,11,554,,,,,,,,,,,,
Punjab,8,Kapurthala,,,,,,,,,,,,,,,,,,,,206,20,25,4,255,,,,,,,,,,,,
Punjab,9,Ludhiana,,,,,,,,,,,,,,,,,,,,,,4,,4,,,,,,,,,,,,
Punjab,10,Patiala,,,,,,,,,,,,,,,,,,,,,19,291,167,477,,,,,,,,,,,,
Punjab,11,Ropar,,,,,,,,,,,,,,,,,,,,539,1096,1235,15,2885,,,,,,,,,,,,
Punjab,12,Sangrur,,,,,,,,,,,,,,,,,,,,,,,,0,,,,,,,,,,,,
Punjab,,TOTAL,,,,,,,,,,,,,,,,,,,,2597,2155,2035,248,7035,,,,,,,,,,,,
Punjab,,check,,,,,,,,,,,,,,,,,,,,2597,2155,2035,248,7035,,,,,,,,,,,,
,,,,,,,,,,,,,,,,,,,,,,,,,,,,,,,,,,,,,,
Tamil Nadu,1,Anna,,,,,,,,,,,,,,,,,,,,46461,9886,18540,1406,76293,,,,,,,,,,,,
Tamil Nadu,2,Chengleput,,,,,,,,,,,,,,,,,,,,48094,12195,5867,1773,67929,,,,,,,,,,,,
Tamil Nadu,3,Coimbatore,,,,,,,,,,,,,,,,,,,,65624,7119,5210,52,78005,,,,,,,,,,,,
Tamil Nadu,4,Dharmapuri,,,,,,,,,,,,,,,,,,,,31720,17941,48644,5057,103362,,,,,,,,,,,,
Tamil Nadu,5,Kamrajar,,,,,,,,,,,,,,,,,,,,21247,2937,8269,175,32628,,,,,,,,,,,,
Tamil Nadu,6,Kannyakumari,,,,,,,,,,,,,,,,,,,,1215,464,28,30,1737,,,,,,,,,,,,
Tamil Nadu,7,Madurai,,,,,,,,,,,,,,,,,,,,42972,8224,11489,793,63478,,,,,,,,,,,,
Tamil Nadu,8,Nilgiris,,,,,,,,,,,,,,,,,,,,325,88,2,3,418,,,,,,,,,,,,
Tamil Nadu,9,North Arcot,,,,,,,,,,,,,,,,,,,,131843,32138,56220,25729,245930,,,,,,,,,,,,
Tamil Nadu,10,P. Muthuramalingam,,,,,,,,,,,,,,,,,,,,7452,2445,3449,618,13964,,,,,,,,,,,,
Tamil Nadu,11,Periyar,,,,,,,,,,,,,,,,,,,,65343,26882,7908,252,100385,,,,,,,,,,,,
Tamil Nadu,12,Pudukottai,,,,,,,,,,,,,,,,,,,,15570,5423,24887,407,46287,,,,,,,,,,,,
Tamil Nadu,13,Ramanathapuram,,,,,,,,,,,,,,,,,,,,2958,778,417,37,4190,,,,,,,,,,,,
Tamil Nadu,14,Salem,,,,,,,,,,,,,,,,,,,,88043,29171,29179,2986,149379,,,,,,,,,,,,
Tamil Nadu,15,South Arcot,,,,,,,,,,,,,,,,,,,,53341,49805,26468,8710,138324,,,,,,,,,,,,
Tamil Nadu,16,Thanjavur,,,,,,,,,,,,,,,,,,,,2976,3169,5329,96,11570,,,,,,,,,,,,
Tamil Nadu,17,Tirinelveli,,,,,,,,,,,,,,,,,,,,35301,10110,20765,545,66721,,,,,,,,,,,,
Tamil Nadu,18,Tiruchirapelli,,,,,,,,,,,,,,,,,,,,47819,23807,52131,1994,125751,,,,,,,,,,,,
Tamil Nadu,19,V.O. Chidambaranar,,,,,,,,,,,,,,,,,,,,12006,1312,5818,738,19874,,,,,,,,,,,,
Tamil Nadu,,TOTAL,,,,,,,,,,,,,,,,,,,,720310,243894,330620,51401,1346225,,,,,,,,,,,,
Tamil Nadu,,check,,,,,,,,,,,,,,,,,,,,720310,243894,330620,51401,1346225,,,,,,,,,,,,
,,,,,,,,,,,,,,,,,,,,,,,,,,,,,,,,,,,,,,
Tripura,1,North Tripura,,,,,,,,,,,,,,,,,,,,,,94,,94,,,,,,,,,,,,
Tripura,2,South Tripura,,,,,,,,,,,,,,,,,,,,,,49,,49,,,,,,,,,,,,
Tripura,3,West Tripura,,,,,,,,,,,,,,,,,,,,,,743,70,813,,,,,,,,,,,,
Tripura,,TOTAL,,,,,,,,,,,,,,,,,,,,,,886,70,956,,,,,,,,,,,,
Tripura,,check,,,,,,,,,,,,,,,,,,,,,,886,70,956,,,,,,,,,,,,
,,,,,,,,,,,,,,,,,,,,,,,,,,,,,,,,,,,,,,
Uttar Pradesh,1,Agra,,,,,,,,,,,,,,,,,,,,42,1232,363,2,1639,,,,,,,,,,,,
Uttar Pradesh,2,Aligarh,,,,,,,,,,,,,,,,,,,,,,,,0,,,,,,,,,,,,
Uttar Pradesh,3,Allahabad,,,,,,,,,,,,,,,,,,,,63,1575,2961,27,4626,,,,,,,,,,,,
Uttar Pradesh,4,Almora,,,,,,,,,,,,,,,,,,,,,,,,0,,,,,,,,,,,,
Uttar Pradesh,5,Azamgarh,,,,,,,,,,,,,,,,,,,,5,4,2844,,2853,,,,,,,,,,,,
Uttar Pradesh,6,Bahraich,,,,,,,,,,,,,,,,,,,,11,520,2241,41,2813,,,,,,,,,,,,
Uttar Pradesh,7,Ballia,,,,,,,,,,,,,,,,,,,,11,21,591,46,669,,,,,,,,,,,,
Uttar Pradesh,8,Banda,,,,,,,,,,,,,,,,,,,,314,2932,3225,1763,8234,,,,,,,,,,,,
Uttar Pradesh,9,Barabanki,,,,,,,,,,,,,,,,,,,,116,803,4862,354,6135,,,,,,,,,,,,
Uttar Pradesh,10,Bareilly,,,,,,,,,,,,,,,,,,,,11,3,6521,8,6543,,,,,,,,,,,,
Uttar Pradesh,11,Basti,,,,,,,,,,,,,,,,,,,,42,665,8178,3331,12216,,,,,,,,,,,,
Uttar Pradesh,12,Bijnor,,,,,,,,,,,,,,,,,,,,,,194,,194,,,,,,,,,,,,
Uttar Pradesh,13,Budaun,,,,,,,,,,,,,,,,,,,,,22,28468,8,28498,,,,,,,,,,,,
Uttar Pradesh,14,Bulandshaher,,,,,,,,,,,,,,,,,,,,35,114,247,7,403,,,,,,,,,,,,
Uttar Pradesh,15,Chamoli,,,,,,,,,,,,,,,,,,,, ,,,,0,,,,,,,,,,,,
Uttar Pradesh,16,Dehradun,,,,,,,,,,,,,,,,,,,,7,23,1,,31,,,,,,,,,,,,
Uttar Pradesh,17,Deoria,,,,,,,,,,,,,,,,,,,,27,869,6686,48,7630,,,,,,,,,,,,
Uttar Pradesh,18,Etah,,,,,,,,,,,,,,,,,,,,18,215,14698,4,14935,,,,,,,,,,,,
Uttar Pradesh,19,Etawah,,,,,,,,,,,,,,,,,,,,38,371,6338,,6747,,,,,,,,,,,,
Uttar Pradesh,20,Faizabad,,,,,,,,,,,,,,,,,,,,373,100,2179,266,2918,,,,,,,,,,,,
Uttar Pradesh,21,Farrukhabad,,,,,,,,,,,,,,,,,,,,5,11,3861,19,3896,,,,,,,,,,,,
Uttar Pradesh,22,Fatehpur,,,,,,,,,,,,,,,,,,,,46,869,4516,309,5740,,,,,,,,,,,,
Uttar Pradesh,23,Ghaziabad,,,,,,,,,,,,,,,,,,,,5,23,14,,42,,,,,,,,,,,,
Uttar Pradesh,24,Ghazipur,,,,,,,,,,,,,,,,,,,,670,438,134,,1242,,,,,,,,,,,,
Uttar Pradesh,25,Gonda,,,,,,,,,,,,,,,,,,,,10,209,1003,137,1359,,,,,,,,,,,,
Uttar Pradesh,26,Gorakhpur,,,,,,,,,,,,,,,,,,,,14,290,5105,9,5418,,,,,,,,,,,,
Uttar Pradesh,27,Hamirpur,,,,,,,,,,,,,,,,,,,,45,7267,3142,838,11292,,,,,,,,,,,,
Uttar Pradesh,28,Hardoi,,,,,,,,,,,,,,,,,,,,,119,2569,5,2693,,,,,,,,,,,,
Uttar Pradesh,29,Jalaun,,,,,,,,,,,,,,,,,,,,64,2139,1225,305,3733,,,,,,,,,,,,
Uttar Pradesh,30,Jaunpur,,,,,,,,,,,,,,,,,,,,242,356,3446,18,4062,,,,,,,,,,,,
Uttar Pradesh,31,Jhansi,,,,,,,,,,,,,,,,,,,,526,10025,10260,2943,23754,,,,,,,,,,,,
Uttar Pradesh,32,Kanpur Dehat,,,,,,,,,,,,,,,,,,,,10,28,219,50,307,,,,,,,,,,,,
Uttar Pradesh,33,Kanpur Nagar,,,,,,,,,,,,,,,,,,,,24,46,32,,102,,,,,,,,,,,,
Uttar Pradesh,34,Kheri,,,,,,,,,,,,,,,,,,,,,12,7,,19,,,,,,,,,,,,
Uttar Pradesh,35,Lalitpur,,,,,,,,,,,,,,,,,,,,100,6829,18948,1964,27841,,,,,,,,,,,,
Uttar Pradesh,36,Lucknow,,,,,,,,,,,,,,,,,,,,260,502,,,762,,,,,,,,,,,,
Uttar Pradesh,37,Mainpuri,,,,,,,,,,,,,,,,,,,,,,1018,39,1057,,,,,,,,,,,,
Uttar Pradesh,38,Mathura,,,,,,,,,,,,,,,,,,,,97,119,7,,223,,,,,,,,,,,,
Uttar Pradesh,39,Meerut,,,,,,,,,,,,,,,,,,,,1,4,96,,101,,,,,,,,,,,,
Uttar Pradesh,40,Mirzapur,,,,,,,,,,,,,,,,,,,,349,5470,4922,2054,12795,,,,,,,,,,,,
Uttar Pradesh,41,Moradabad,,,,,,,,,,,,,,,,,,,,3,33,1465,1468,2969,,,,,,,,,,,,
Uttar Pradesh,42,Muzaffarnagar,,,,,,,,,,,,,,,,,,,,,,98,,98,,,,,,,,,,,,
Uttar Pradesh,43,Nainital,,,,,,,,,,,,,,,,,,,,2,4,4,2,12,,,,,,,,,,,,
Uttar Pradesh,44,Pauri Garhwal,,,,,,,,,,,,,,,,,,,,,,,,0,,,,,,,,,,,,
Uttar Pradesh,45,Pilibhit,,,,,,,,,,,,,,,,,,,,,,187,,187,,,,,,,,,,,,
Uttar Pradesh,46,Pithoragarh,,,,,,,,,,,,,,,,,,,,,,,,0,,,,,,,,,,,,
Uttar Pradesh,47,Pratapgarh,,,,,,,,,,,,,,,,,,,,66,68,7092,19,7245,,,,,,,,,,,,
Uttar Pradesh,48,Rai Bareli,,,,,,,,,,,,,,,,,,,,6,32,2159,280,2477,,,,,,,,,,,,
Uttar Pradesh,49,Rampur,,,,,,,,,,,,,,,,,,,,3,17,3350,7,3377,,,,,,,,,,,,
Uttar Pradesh,50,Saharanpur,,,,,,,,,,,,,,,,,,,,,,44,,44,,,,,,,,,,,,
Uttar Pradesh,51,Shajahanpur,,,,,,,,,,,,,,,,,,,,,7,5220,102,5329,,,,,,,,,,,,
Uttar Pradesh,52,Sitapur,,,,,,,,,,,,,,,,,,,,1,49,431,298,779,,,,,,,,,,,,
Uttar Pradesh,53,Sultanpur,,,,,,,,,,,,,,,,,,,,4,,2977,240,3221,,,,,,,,,,,,
Uttar Pradesh,54,Tehri Garhwal,,,,,,,,,,,,,,,,,,,,7,9,,,16,,,,,,,,,,,,
Uttar Pradesh,55,Unnao,,,,,,,,,,,,,,,,,,,,,37,2589,415,3041,,,,,,,,,,,,
Uttar Pradesh,56,Uttarkashi,,,,,,,,,,,,,,,,,,,,,,,,0,,,,,,,,,,,,
Uttar Pradesh,57,Varanasi,,,,,,,,,,,,,,,,,,,,953,1727,652,241,3573,,,,,,,,,,,,
Uttar Pradesh,,TOTAL,,,,,,,,,,,,,,,,,,,,4626,46208,177389,17667,245890,,,,,,,,,,,,
Uttar Pradesh,,check,,,,,,,,,,,,,,,,,,,,4626,46208,177389,17667,245890,,,,,,,,,,,,
,,,,,,,,,,,,,,,,,,,,,,,,,,,,,,,,,,,,,,
West Bengal,1,Bankura,,,,,,,,,,,,,,,,,,,,15,2250,6276,143,8684,,,,,,,,,,,,
West Bengal,2,Birbhum,,,,,,,,,,,,,,,,,,,,2,414,542,,958,,,,,,,,,,,,
West Bengal,3,Burdwan,,,,,,,,,,,,,,,,,,,,,124,277,110,511,,,,,,,,,,,,
West Bengal,4,Cooch Behar,,,,,,,,,,,,,,,,,,,,,15,3759,53,3827,,,,,,,,,,,,
West Bengal,5,Darjeeling,,,,,,,,,,,,,,,,,,,,,38,265,,303,,,,,,,,,,,,
West Bengal,6,Hooghly,,,,,,,,,,,,,,,,,,,,,19,73,7,99,,,,,,,,,,,,
West Bengal,7,Howrah,,,,,,,,,,,,,,,,,,,,,,,,0,,,,,,,,,,,,
West Bengal,8,Jalpaiguri,,,,,,,,,,,,,,,,,,,,,577,907,1,1485,,,,,,,,,,,,
West Bengal,9,Malda,,,,,,,,,,,,,,,,,,,,,,6,,6,,,,,,,,,,,,
West Bengal,10,Midnapore,,,,,,,,,,,,,,,,,,,,21,7034,18340,2132,27527,,,,,,,,,,,,
West Bengal,11,Murshidabad,,,,,,,,,,,,,,,,,,,,,,,,0,,,,,,,,,,,,
West Bengal,12,Nadia,,,,,,,,,,,,,,,,,,,,,,1,,1,,,,,,,,,,,,
West Bengal,13,North 24 Parganas,,,,,,,,,,,,,,,,,,,,,,,,0,,,,,,,,,,,,
West Bengal,14,Purulia,,,,,,,,,,,,,,,,,,,,55,379,18153,6,18593,,,,,,,,,,,,
West Bengal,15,South 24 Parganas,,,,,,,,,,,,,,,,,,,,,,,,0,,,,,,,,,,,,
West Bengal,16,West Dinajpur,,,,,,,,,,,,,,,,,,,,,7,1387,,1394,,,,,,,,,,,,
West Bengal,,TOTAL,,,,,,,,,,,,,,,,,,,,93,10857,49986,2452,63388,,,,,,,,,,,,
West Bengal,,check,,,,,,,,,,,,,,,,,,,,93,10857,49986,2452,63388,,,,,,,,,,,,
,,,,,,,,,,,,,,,,,,,,,,,,,,,,,,,,,,,,,,
Chandigarh,1,Chandigarh,,,,,,,,,,,,,,,,,,,,,,28,,28,,,,,,,,,,,,
Chandigarh,,TOTAL,,,,,,,,,,,,,,,,,,,,,,28,,28,,,,,,,,,,,,
Chandigarh,,check,,,,,,,,,,,,,,,,,,,,0,0,28,0,28,,,,,,,,,,,,
,,,,,,,,,,,,,,,,,,,,,,,,,,,,,,,,,,,,,,
Dadra Nagar Haveli,1,Dadra Nagar Haveli,,,,,,,,,,,,,,,,,,,,179,16,10,1,206,,,,,,,,,,,,
Dadra Nagar Haveli,,TOTAL,,,,,,,,,,,,,,,,,,,,179,16,10,1,206,,,,,,,,,,,,
Dadra Nagar Haveli,,check,,,,,,,,,,,,,,,,,,,,179,16,10,1,206,,,,,,,,,,,,
,,,,,,,,,,,,,,,,,,,,,,,,,,,,,,,,,,,,,,
Daman and Diu,1,Daman,,,,,,,,,,,,,,,,,,,,276,38,12,37,363,,,,,,,,,,,,
Daman and Diu,2,Diu,,,,,,,,,,,,,,,,,,,,271,169,59,19,518,,,,,,,,,,,,
Daman and Diu,,TOTAL,,,,,,,,,,,,,,,,,,,,547,207,71,56,881,,,,,,,,,,,,
Daman and Diu,,check,,,,,,,,,,,,,,,,,,,,547,207,71,56,881,,,,,,,,,,,,
,,,,,,,,,,,,,,,,,,,,,,,,,,,,,,,,,,,,,,
Pondicherry,1,Pondicherry,,,,,,,,,,,,,,,,,,,,5211,25,,,5236,,,,,,,,,,,,
Pondicherry,,TOTAL,,,,,,,,,,,,,,,,,,,,5211,25,,,5236,,,,,,,,,,,,
Pondicherry,,check,,,,,,,,,,,,,,,,,,,,5211,25,0,0,5236,,,,,,,,,,,,
